End Date Ebay,Start Date,ebay Image URL 1,Set Name,Quantity Available,Shipping Cost,Format,Current Price,Bid Count,Card Number,ebay Image URL 2,Category,CategoryID,Team,Attributes,ebay listing URL,Card Name,Player/Athlete,Title,End Date,Sport,ItemID,Features,Variation
2025-08-12 20:45:00 PDT,2025-08-03T03:45:00.000Z,https://i.ebayimg.com/00/s/MTA3M1g4MDA=/z/5u0AAeSw85ZobiY-/$_57.PNG?set_id=880000500F,1988-89 Fleer,1,1.50,Auction,1.25,0,79,https://i.ebayimg.com/00/s/MTA3M1gxNjAw/z/pLsAAeSwBbNobiY4/$_57.JPG?set_id=880000500F,None,,New Jersey Nets,,https://www.ebay.com/itm/1988-89-Fleer-NBA-Basketball-Card-79-Buck-Williams-Nets-/236227931168,1988-89 Fleer #79 Buck Williams,Buck Williams,1988-89 Fleer NBA Basketball Card #79 Buck Williams Nets,2025-08-13T03:45:00.000Z,Basketball,236227931168,Base Set,0
2025-08-12 20:45:00 PDT,2025-08-03T03:45:00.000Z,https://i.ebayimg.com/00/s/MTA3MFg4MDI=/z/8UQAAeSwDztocB6A/$_57.PNG?set_id=880000500F,1988-89 Fleer,1,1.50,Auction,1.25,0,71,https://i.ebayimg.com/00/s/MTA3MFgxNjAw/z/7hkAAeSwRCRocB52/$_57.JPG?set_id=880000500F,None,,Miami Heat,,https://www.ebay.com/itm/1988-89-Fleer-NBA-Basketball-Rookie-Card-71-Dwayne-Washington-RC-Heat-/236227934938,1988-89 Fleer #71 Dwayne Washington RC,Duane Washington,1988-89 Fleer NBA Basketball Rookie Card #71 Dwayne Washington RC Heat,2025-08-13T03:45:00.000Z,Basketball,236227934938,Base Set,0
2025-08-12 20:45:01 PDT,2025-08-03T03:45:01.000Z,https://i.ebayimg.com/00/s/MTA4NFg3OTU=/z/e9gAAeSw8nVogiZt/$_57.PNG?set_id=880000500F,1988-89 Fleer,1,1.00,Auction,1.25,0,80,https://i.ebayimg.com/00/s/MTA4NFgxNjAw/z/aSYAAeSwX5xogiZh/$_57.JPG?set_id=880000500F,None,,Portland Trail Blazers,Hall Of Fame (HOF),https://www.ebay.com/itm/1988-89-Fleer-NBA-Basketball-Hall-Fame-Card-80-Patrick-Ewing-HOF-Knicks-/236224822829,1988-89 Fleer #80 Patrick Ewing,Patrick Ewing,1988-89 Fleer NBA Basketball Hall Of Fame Card #80 Patrick Ewing HOF Knicks,2025-08-13T03:45:01.000Z,Basketball,236224822829,Base Set,0
2025-08-17 20:45:00 PDT,2025-08-08T03:45:00.000Z,https://i.ebayimg.com/00/s/NTAwWDUwMA==/z/aXQAAeSwc0hogTGj/$_1.PNG?set_id=8800005007,1990-91 Fleer,1,1.50,Auction,1.25,0,33,,None,,Cleveland Cavaliers,,https://www.ebay.com/itm/1990-91-Fleer-NBA-Basketball-Rookie-Error-Card-33-Danny-Ferry-RC-UER-Cavaliers-/236223305165,1990-91 Fleer #33 Danny Ferry RC UER,Danny Ferry,1990-91 Fleer NBA Basketball Rookie Error Card #33 Danny Ferry RC UER Cavaliers,2025-08-18T03:45:00.000Z,Basketball,236223305165,"Base Set, Rookie Card (RC), Uncorrected Error (UER)",0
2025-08-17 20:45:00 PDT,2025-08-08T03:45:00.000Z,https://i.ebayimg.com/00/s/NTAwWDUwMA==/z/bF8AAeSwcG9ogTGi/$_1.PNG?set_id=8800005007,1990-91 Fleer,1,1.50,Auction,1.25,0,39,,None,,Dallas Mavericks,,https://www.ebay.com/itm/1990-91-Fleer-NBA-Basketball-Hall-Fame-Card-39-Adrian-Dantley-HOF-Mavericks-/236223305166,1990-91 Fleer #39 Adrian Dantley,Adrian Dantley,1990-91 Fleer NBA Basketball Hall Of Fame Card #39 Adrian Dantley HOF Mavericks,2025-08-18T03:45:00.000Z,Basketball,236223305166,Base Set,0
2025-08-17 20:45:00 PDT,2025-08-08T03:45:00.000Z,https://i.ebayimg.com/00/s/NTAwWDUwMA==/z/Vm4AAeSwLcxogTHf/$_1.PNG?set_id=8800005007,1990-91 Fleer,1,1.50,Auction,1.25,0,44,,None,,Dallas Mavericks,,https://www.ebay.com/itm/1990-91-Fleer-NBA-Basketball-Card-44-Bill-Wennington-Mavericks-/236223305167,1990-91 Fleer #44 Bill Wennington,Bill Wennington,1990-91 Fleer NBA Basketball Card #44 Bill Wennington Mavericks,2025-08-18T03:45:00.000Z,Basketball,236223305167,Base Set,0
2025-08-17 20:45:00 PDT,2025-08-08T03:45:00.000Z,https://i.ebayimg.com/00/s/NTAwWDUwMA==/z/NhAAAeSw9O9ogTIb/$_1.PNG?set_id=8800005007,1990-91 Fleer,1,1.50,Auction,1.25,0,8,,None,,Boston Celtics,,https://www.ebay.com/itm/1990-91-Fleer-NBA-Basketball-Hall-Fame-Card-8-Larry-Bird-HOF-Celtics-/236223305168,1990-91 Fleer #8 Larry Bird,Larry Bird,1990-91 Fleer NBA Basketball Hall Of Fame Card #8 Larry Bird HOF Celtics,2025-08-18T03:45:00.000Z,Basketball,236223305168,Base Set,0
2025-08-17 20:45:00 PDT,2025-08-08T03:45:00.000Z,https://i.ebayimg.com/00/s/NTAwWDUwMA==/z/OvgAAeSw~i9ogTJW/$_1.PNG?set_id=8800005007,1990-91 Fleer,1,1.50,Auction,1.25,0,23,,None,,Chicago Bulls,,https://www.ebay.com/itm/1990-91-Fleer-NBA-Basketball-Card-23-Bill-Cartwright-Bulls-/236223305169,1990-91 Fleer #23 Bill Cartwright,Bill Cartwright,1990-91 Fleer NBA Basketball Card #23 Bill Cartwright Bulls,2025-08-18T03:45:00.000Z,Basketball,236223305169,Base Set,0
2025-08-17 20:45:00 PDT,2025-08-08T03:45:00.000Z,https://i.ebayimg.com/00/s/NTAwWDUwMA==/z/WJAAAeSwCKRogTJU/$_1.PNG?set_id=8800005007,1990-91 Fleer,1,1.50,Auction,1.25,0,31,,None,,Cleveland Cavaliers,,https://www.ebay.com/itm/1990-91-Fleer-NBA-Basketball-Card-31-Brad-Daugherty-Cavaliers-/236223305170,1990-91 Fleer #31 Brad Daugherty,Brad Daugherty,1990-91 Fleer NBA Basketball Card #31 Brad Daugherty Cavaliers,2025-08-18T03:45:00.000Z,Basketball,236223305170,Base Set,0
2025-08-17 20:45:00 PDT,2025-08-08T03:45:00.000Z,https://i.ebayimg.com/00/s/NTAwWDUwMA==/z/NdMAAeSw2GBogTHf/$_1.PNG?set_id=8800005007,1990-91 Fleer,1,1.50,Auction,1.25,0,34,,None,,Cleveland Cavaliers,,https://www.ebay.com/itm/1990-91-Fleer-NBA-Basketball-League-Leader-Card-34-Steve-Kerr-Cavaliers-/236223305173,1990-91 Fleer #34 Steve Kerr,Steve Kerr,1990-91 Fleer NBA Basketball League Leader Card #34 Steve Kerr Cavaliers,2025-08-18T03:45:00.000Z,Basketball,236223305173,"Base Set, League Leaders (LL)",0
2025-08-17 20:45:00 PDT,2025-08-08T03:45:00.000Z,https://i.ebayimg.com/00/s/NTAwWDUwMA==/z/aWwAAeSweSJogTHe/$_1.PNG?set_id=8800005007,1990-91 Fleer,1,1.50,Auction,1.25,0,11,,None,,Boston Celtics,,https://www.ebay.com/itm/1990-91-Fleer-NBA-Basketball-Card-11-Reggie-Lewis-Celtics-/236223305174,1990-91 Fleer #11 Reggie Lewis,Reggie Lewis,1990-91 Fleer NBA Basketball Card #11 Reggie Lewis Celtics,2025-08-18T03:45:00.000Z,Basketball,236223305174,Base Set,0
2025-08-17 20:45:00 PDT,2025-08-08T03:45:00.000Z,https://i.ebayimg.com/00/s/NTAwWDUwMA==/z/RKUAAeSwzqlogTHc/$_1.PNG?set_id=8800005007,1990-91 Fleer,1,1.50,Auction,1.25,0,2,,None,,Atlanta Hawks,,https://www.ebay.com/itm/1990-91-Fleer-NBA-Basketball-Card-2-Cliff-Levingston-Hawks-/236223305175,1990-91 Fleer #2 Cliff Levingston,Cliff Levingston,1990-91 Fleer NBA Basketball Card #2 Cliff Levingston Hawks,2025-08-18T03:45:00.000Z,Basketball,236223305175,Base Set,0
2025-08-17 20:45:00 PDT,2025-08-08T03:45:00.000Z,https://i.ebayimg.com/00/s/NTAwWDUwMA==/z/UN0AAeSwByNogTGk/$_1.PNG?set_id=8800005007,1990-91 Fleer,1,1.50,Auction,1.25,0,9,,None,,Boston Celtics,,https://www.ebay.com/itm/1990-91-Fleer-NBA-Basketball-Hall-Fame-Card-9-Dennis-Johnson-HOF-Celtics-/236223305176,1990-91 Fleer #9 Dennis Johnson,Dennis Johnson,1990-91 Fleer NBA Basketball Hall Of Fame Card #9 Dennis Johnson HOF Celtics,2025-08-18T03:45:00.000Z,Basketball,236223305176,Base Set,0
2025-08-17 20:45:00 PDT,2025-08-08T03:45:00.000Z,https://i.ebayimg.com/00/s/NTAwWDUwMA==/z/U7kAAeSwiI9ogTJa/$_1.PNG?set_id=8800005007,1990-91 Fleer,1,1.50,Auction,1.25,0,5,,None,,Atlanta Hawks,,https://www.ebay.com/itm/1990-91-Fleer-NBA-Basketball-Card-5-Spud-Webb-Hawks-/236223305177,1990-91 Fleer #5 Spud Webb,Spud Webb,1990-91 Fleer NBA Basketball Card #5 Spud Webb Hawks,2025-08-18T03:45:00.000Z,Basketball,236223305177,Base Set,0
2025-08-17 20:45:00 PDT,2025-08-08T03:45:00.000Z,https://i.ebayimg.com/00/s/NTAwWDUwMA==/z/br4AAeSwY5togTJX/$_1.PNG?set_id=8800005007,1990-91 Fleer,1,1.50,Auction,1.25,0,7,,None,,Atlanta Hawks,,https://www.ebay.com/itm/1990-91-Fleer-NBA-Basketball-Card-7-Kevin-Willis-Hawks-/236223305178,1990-91 Fleer #7 Kevin Willis,Kevin Willis,1990-91 Fleer NBA Basketball Card #7 Kevin Willis Hawks,2025-08-18T03:45:00.000Z,Basketball,236223305178,Base Set,0
2025-08-17 20:45:00 PDT,2025-08-08T03:45:00.000Z,https://i.ebayimg.com/00/s/NTAwWDUwMA==/z/zBkAAeSwbg1ogTJa/$_1.PNG?set_id=8800005007,1990-91 Fleer,1,1.50,Auction,1.25,0,17,,None,,Charlotte Hornets,,https://www.ebay.com/itm/1990-91-Fleer-NBA-Basketball-Card-17-Rex-Chapman-Hornets-/236223305179,1990-91 Fleer #17 Rex Chapman,Rex Chapman,1990-91 Fleer NBA Basketball Card #17 Rex Chapman Hornets,2025-08-18T03:45:00.000Z,Basketball,236223305179,Base Set,0
2025-08-17 20:45:00 PDT,2025-08-08T03:45:00.000Z,https://i.ebayimg.com/00/s/NTAwWDUwMA==/z/he8AAeSwuHlogTHf/$_1.PNG?set_id=8800005007,1990-91 Fleer,1,1.50,Auction,1.25,0,40,,None,,Dallas Mavericks,,https://www.ebay.com/itm/1990-91-Fleer-NBA-Basketball-Card-40-Brad-Davis-Mavericks-/236223305180,1990-91 Fleer #40 Brad Davis,Brad Davis,1990-91 Fleer NBA Basketball Card #40 Brad Davis Mavericks,2025-08-18T03:45:00.000Z,Basketball,236223305180,Base Set,0
2025-08-17 20:45:00 PDT,2025-08-08T03:45:00.000Z,https://i.ebayimg.com/00/s/NTAwWDUwMA==/z/WLwAAeSw-PdogTHd/$_1.PNG?set_id=8800005007,1990-91 Fleer,1,1.50,Auction,1.25,0,16,,None,,Charlotte Hornets,,https://www.ebay.com/itm/1990-91-Fleer-NBA-Basketball-Card-16-Tyrone-Bogues-Hornets-/236223305181,1990-91 Fleer #16 Tyrone Bogues,Tyrone Bogues,1990-91 Fleer NBA Basketball Card #16 Tyrone Bogues Hornets,2025-08-18T03:45:00.000Z,Basketball,236223305181,Base Set,0
2025-08-17 20:45:00 PDT,2025-08-08T03:45:00.000Z,https://i.ebayimg.com/00/s/NTAwWDUwMA==/z/cbYAAeSwXLNogTGi/$_1.PNG?set_id=8800005007,1990-91 Fleer,1,1.50,Auction,1.25,0,42,,None,,Dallas Mavericks,,https://www.ebay.com/itm/1990-91-Fleer-NBA-Basketball-Card-42-Derek-Harper-Mavericks-/236223305182,1990-91 Fleer #42 Derek Harper,Derek Harper,1990-91 Fleer NBA Basketball Card #42 Derek Harper Mavericks,2025-08-18T03:45:00.000Z,Basketball,236223305182,Base Set,0
2025-08-17 20:45:00 PDT,2025-08-08T03:45:00.000Z,https://i.ebayimg.com/00/s/NTAwWDUwMA==/z/bL4AAeSwc0hogTJc/$_1.PNG?set_id=8800005007,1990-91 Fleer,1,1.50,Auction,1.25,0,27,,None,,Chicago Bulls,,https://www.ebay.com/itm/1990-91-Fleer-NBA-Basketball-Rookie-Error-Card-27-Stacey-King-RC-UER-Bulls-/236223305183,1990-91 Fleer #27 Stacey King RC UER,Stacey King,1990-91 Fleer NBA Basketball Rookie Error Card #27 Stacey King RC UER Bulls,2025-08-18T03:45:00.000Z,Basketball,236223305183,"Base Set, Rookie Card (RC), Uncorrected Error (UER)",0
2025-08-17 20:45:00 PDT,2025-08-08T03:45:00.000Z,https://i.ebayimg.com/00/s/NTAwWDUwMA==/z/SOkAAeSwSSVogTJT/$_1.PNG?set_id=8800005007,1990-91 Fleer,1,1.50,Auction,1.25,0,28,,None,,Chicago Bulls,,https://www.ebay.com/itm/1990-91-Fleer-NBA-Basketball-Card-28-John-Paxson-Bulls-/236223305184,1990-91 Fleer #28 John Paxson,John Paxson,1990-91 Fleer NBA Basketball Card #28 John Paxson Bulls,2025-08-18T03:45:00.000Z,Basketball,236223305184,Base Set,0
2025-08-17 20:45:00 PDT,2025-08-08T03:45:00.000Z,https://i.ebayimg.com/00/s/NTAwWDUwMA==/z/P~UAAeSwf4togTHd/$_1.PNG?set_id=8800005007,1990-91 Fleer,1,1.50,Auction,1.25,0,1,,None,,Atlanta Hawks,,https://www.ebay.com/itm/1990-91-Fleer-NBA-Basketball-Error-Card-1-John-Battle-UER-Hawks-/236223305185,1990-91 Fleer #1 John Battle UER,John Battle,1990-91 Fleer NBA Basketball Error Card #1 John Battle UER Hawks,2025-08-18T03:45:00.000Z,Basketball,236223305185,"Base Set, Uncorrected Error (UER)",0
2025-08-17 20:45:00 PDT,2025-08-08T03:45:00.000Z,https://i.ebayimg.com/00/s/NTAwWDUwMA==/z/amwAAeSwpBJogTGi/$_1.PNG?set_id=8800005007,1990-91 Fleer,1,1.50,Auction,1.25,0,46,,None,,Denver Nuggets,,https://www.ebay.com/itm/1990-91-Fleer-NBA-Basketball-Card-46-Michael-Adams-Nuggets-/236223305186,1990-91 Fleer #46 Michael Adams,Michael Adams,1990-91 Fleer NBA Basketball Card #46 Michael Adams Nuggets,2025-08-18T03:45:00.000Z,Basketball,236223305186,Base Set,0
2025-08-17 20:45:00 PDT,2025-08-08T03:45:00.000Z,https://i.ebayimg.com/00/s/NTAwWDUwMA==/z/iacAAeSwIRlogTIa/$_1.PNG?set_id=8800005007,1990-91 Fleer,1,1.50,Auction,1.25,0,10,,None,,Boston Celtics,,https://www.ebay.com/itm/1990-91-Fleer-NBA-Basketball-Card-10-Joe-Kleine-Celtics-/236223305187,1990-91 Fleer #10 Joe Kleine,Joe Kleine,1990-91 Fleer NBA Basketball Card #10 Joe Kleine Celtics,2025-08-18T03:45:00.000Z,Basketball,236223305187,Base Set,0
2025-08-17 20:45:00 PDT,2025-08-08T03:45:00.000Z,https://i.ebayimg.com/00/s/NTAwWDUwMA==/z/Q0IAAeSwO-xogTGi/$_1.PNG?set_id=8800005007,1990-91 Fleer,1,1.50,Auction,1.25,0,13,,None,,Boston Celtics,,https://www.ebay.com/itm/1990-91-Fleer-NBA-Basketball-Hall-Fame-Card-13-Robert-Parish-HOF-Celtics-/236223305188,1990-91 Fleer #13 Robert Parish,Robert Parish,1990-91 Fleer NBA Basketball Hall Of Fame Card #13 Robert Parish HOF Celtics,2025-08-18T03:45:00.000Z,Basketball,236223305188,Base Set,0
2025-08-17 20:45:00 PDT,2025-08-08T03:45:00.000Z,https://i.ebayimg.com/00/s/NTAwWDUwMA==/z/~XkAAeSwvbJogTHb/$_1.PNG?set_id=8800005007,1990-91 Fleer,1,1.50,Auction,1.25,0,36,,None,,Cleveland Cavaliers,,https://www.ebay.com/itm/1990-91-Fleer-NBA-Basketball-Error-Card-36-Mark-Price-UER-Cavaliers-/236223305189,1990-91 Fleer #36 Mark Price UER,Mark Price,1990-91 Fleer NBA Basketball Error Card #36 Mark Price UER Cavaliers,2025-08-18T03:45:00.000Z,Basketball,236223305189,"Base Set, Uncorrected Error (UER)",0
2025-08-17 20:45:00 PDT,2025-08-08T03:45:00.000Z,https://i.ebayimg.com/00/s/NTAwWDUwMA==/z/Z8QAAeSwTo9ogTFs/$_1.PNG?set_id=8800005007,1990-91 Fleer,1,1.50,Auction,1.25,0,35,,None,,Cleveland Cavaliers,,https://www.ebay.com/itm/1990-91-Fleer-NBA-Basketball-Card-35-Larry-Nance-Cavaliers-/236223305190,1990-91 Fleer #35 Larry Nance,Larry Nance,1990-91 Fleer NBA Basketball Card #35 Larry Nance Cavaliers,2025-08-18T03:45:00.000Z,Basketball,236223305190,Base Set,0
2025-08-17 20:45:00 PDT,2025-08-08T03:45:00.000Z,https://i.ebayimg.com/00/s/NTAwWDUwMA==/z/S-oAAeSwJNlogTGk/$_1.PNG?set_id=8800005007,1990-91 Fleer,1,1.50,Auction,1.25,0,15,,None,,Boston Celtics,,https://www.ebay.com/itm/1990-91-Fleer-NBA-Basketball-Card-15-Ed-Pinckney-Celtics-/236223305191,1990-91 Fleer #15 Ed Pinckney,Ed Pinckney,1990-91 Fleer NBA Basketball Card #15 Ed Pinckney Celtics,2025-08-18T03:45:00.000Z,Basketball,236223305191,Base Set,0
2025-08-17 20:45:00 PDT,2025-08-08T03:45:00.000Z,https://i.ebayimg.com/00/s/NTAwWDUwMA==/z/ZIsAAeSwQkRogTJV/$_1.PNG?set_id=8800005007,1990-91 Fleer,1,1.50,Auction,1.25,0,29,,None,,Chicago Bulls,,https://www.ebay.com/itm/1990-91-Fleer-NBA-Basketball-Card-29-Perdue-Bulls-/236223305192,1990-91 Fleer #29 Will Perdue,Will Perdue,1990-91 Fleer NBA Basketball Card #29 Will Perdue Bulls,2025-08-18T03:45:00.000Z,Basketball,236223305192,Base Set,0
2025-08-17 20:45:00 PDT,2025-08-08T03:45:00.000Z,https://i.ebayimg.com/00/s/NTAwWDUwMA==/z/VFEAAeSw6klogTJV/$_1.PNG?set_id=8800005007,1990-91 Fleer,1,1.50,Auction,1.25,0,6,,None,,Atlanta Hawks,,https://www.ebay.com/itm/1990-91-Fleer-NBA-Basketball-Hall-Fame-Card-6-Dominique-Wilkins-HOF-Hawks-/236223305193,1990-91 Fleer #6 Dominique Wilkins,Dominique Wilkins,1990-91 Fleer NBA Basketball Hall Of Fame Card #6 Dominique Wilkins HOF Hawks,2025-08-18T03:45:00.000Z,Basketball,236223305193,Base Set,0
2025-08-17 20:45:00 PDT,2025-08-08T03:45:00.000Z,https://i.ebayimg.com/00/s/NTAwWDUwMA==/z/iXsAAeSwFPRogTJb/$_1.PNG?set_id=8800005007,1990-91 Fleer,1,1.50,Auction,1.25,0,30,,None,,Chicago Bulls,,https://www.ebay.com/itm/1990-91-Fleer-NBA-Basketball-Hall-Fame-Card-30-Scottie-Pippen-HOF-Bulls-/236223305194,1990-91 Fleer #30 Scottie Pippen,Scottie Pippen,1990-91 Fleer NBA Basketball Hall Of Fame Card #30 Scottie Pippen HOF Bulls,2025-08-18T03:45:00.000Z,Basketball,236223305194,"Base Set, Uncorrected Error (UER)",0
2025-08-17 20:45:00 PDT,2025-08-08T03:45:00.000Z,https://i.ebayimg.com/00/s/NTAwWDUwMA==/z/U~0AAeSwxt9ogTIf/$_1.PNG?set_id=8800005007,1990-91 Fleer,1,1.50,Auction,1.25,0,25,,None,,Chicago Bulls,,https://www.ebay.com/itm/1990-91-Fleer-NBA-Basketball-Card-25-Craig-Hodges-Bulls-/236223305195,1990-91 Fleer #25 Craig Hodges,Craig Hodges,1990-91 Fleer NBA Basketball Card #25 Craig Hodges Bulls,2025-08-18T03:45:00.000Z,Basketball,236223305195,Base Set,0
2025-08-17 20:45:00 PDT,2025-08-08T03:45:00.000Z,https://i.ebayimg.com/00/s/NTAwWDUwMA==/z/uoUAAeSwqbJogTJV/$_1.PNG?set_id=8800005007,1990-91 Fleer,1,1.50,Auction,1.25,0,12,,None,,Boston Celtics,,https://www.ebay.com/itm/1990-91-Fleer-NBA-Basketball-Hall-Fame-Card-12-Kevin-McHale-HOF-Celtics-/236223305196,1990-91 Fleer #12 Kevin McHale,Kevin McHale,1990-91 Fleer NBA Basketball Hall Of Fame Card #12 Kevin McHale HOF Celtics,2025-08-18T03:45:00.000Z,Basketball,236223305196,Base Set,0
2025-08-17 20:45:00 PDT,2025-08-08T03:45:00.000Z,https://i.ebayimg.com/00/s/NTAwWDUwMA==/z/b-4AAeSwQ1ZogTGh/$_1.PNG?set_id=8800005007,1990-91 Fleer,1,1.50,Auction,1.25,0,4,,None,,Atlanta Hawks,,https://www.ebay.com/itm/1990-91-Fleer-NBA-Basketball-Card-4-Kenny-Smith-Hawks-/236223305197,1990-91 Fleer #4 Kenny Smith,Kenny Smith,1990-91 Fleer NBA Basketball Card #4 Kenny Smith Hawks,2025-08-18T03:45:00.000Z,Basketball,236223305197,Base Set,0
2025-08-17 20:45:00 PDT,2025-08-08T03:45:00.000Z,https://i.ebayimg.com/00/s/NTAwWDUwMA==/z/c0wAAeSw29VogTKP/$_1.PNG?set_id=8800005007,1990-91 Fleer,1,1.50,Auction,1.25,0,22,,None,,Chicago Bulls,,https://www.ebay.com/itm/1990-91-Fleer-NBA-Basketball-Traded-Rookie-Card-22-B-J-Armstrong-RC-Bulls-/236223305198,1990-91 Fleer #22 B.J. Armstrong RC,B.J. Armstrong,1990-91 Fleer NBA Basketball Traded Rookie Card #22 B.J. Armstrong RC Bulls,2025-08-18T03:45:00.000Z,Basketball,236223305198,"Base Set, Rookie Card (RC), Traded Card (TR)",0
2025-08-17 20:45:00 PDT,2025-08-08T03:45:00.000Z,https://i.ebayimg.com/00/s/NTAwWDUwMA==/z/QSkAAeSwlz1ogTHe/$_1.PNG?set_id=8800005007,1990-91 Fleer,1,1.50,Auction,1.25,0,14,,None,,Boston Celtics,,https://www.ebay.com/itm/1990-91-Fleer-NBA-Basketball-Card-14-Jim-Paxson-Celtics-/236223305199,1990-91 Fleer #14 Jim Paxson,Jim Paxson,1990-91 Fleer NBA Basketball Card #14 Jim Paxson Celtics,2025-08-18T03:45:00.000Z,Basketball,236223305199,Base Set,0
2025-08-17 20:45:00 PDT,2025-08-08T03:45:00.000Z,https://i.ebayimg.com/00/s/NTAwWDUwMA==/z/VGkAAeSwUx9ogTHd/$_1.PNG?set_id=8800005007,1990-91 Fleer,1,1.50,Auction,1.25,0,47,,None,,Denver Nuggets,,https://www.ebay.com/itm/1990-91-Fleer-NBA-Basketball-Hall-Fame-Card-47-Walter-Davis-HOF-Nuggets-/236223305200,1990-91 Fleer #47 Walter Davis,Walter Davis,1990-91 Fleer NBA Basketball Hall Of Fame Card #47 Walter Davis HOF Nuggets,2025-08-18T03:45:00.000Z,Basketball,236223305200,Base Set,0
2025-08-17 20:45:00 PDT,2025-08-08T03:45:00.000Z,https://i.ebayimg.com/00/s/NTAwWDUwMA==/z/rKQAAeSw1ZlogTFn/$_1.PNG?set_id=8800005007,1990-91 Fleer,1,1.50,Auction,1.25,0,3,,None,,Atlanta Hawks,,https://www.ebay.com/itm/1990-91-Fleer-NBA-Basketball-Hall-Fame-Card-3-Moses-Malone-HOF-Hawks-/236223305201,1990-91 Fleer #3 Moses Malone,Moses Malone,1990-91 Fleer NBA Basketball Hall Of Fame Card #3 Moses Malone HOF Hawks,2025-08-18T03:45:00.000Z,Basketball,236223305201,Base Set,0
2025-08-17 20:45:00 PDT,2025-08-08T03:45:00.000Z,https://i.ebayimg.com/00/s/NTAwWDUwMA==/z/MdQAAeSw~gRogTHf/$_1.PNG?set_id=8800005007,1990-91 Fleer,1,1.50,Auction,1.25,0,19,,None,,Charlotte Hornets,,https://www.ebay.com/itm/1990-91-Fleer-NBA-Basketball-Card-19-Armon-Gilliam-Hornets-/236223305202,1990-91 Fleer #19 Armon Gilliam,Armon Gilliam,1990-91 Fleer NBA Basketball Card #19 Armon Gilliam Hornets,2025-08-18T03:45:00.000Z,Basketball,236223305202,Base Set,0
2025-08-17 20:45:00 PDT,2025-08-08T03:45:00.000Z,https://i.ebayimg.com/00/s/NTAwWDUwMA==/z/RG4AAeSwDsBogTJW/$_1.PNG?set_id=8800005007,1990-91 Fleer,1,1.50,Auction,1.25,0,20,,None,,Charlotte Hornets,,https://www.ebay.com/itm/1990-91-Fleer-NBA-Basketball-Rookie-Card-20-J-R-Reid-RC-Hornets-/236223305203,1990-91 Fleer #20 J.R. Reid RC,J.R. Reid,1990-91 Fleer NBA Basketball Rookie Card #20 J.R. Reid RC Hornets,2025-08-18T03:45:00.000Z,Basketball,236223305203,"Base Set, Rookie Card (RC)",0
2025-08-17 20:45:00 PDT,2025-08-08T03:45:00.000Z,https://i.ebayimg.com/00/s/NTAwWDUwMA==/z/RVwAAeSwq9FogTHh/$_1.PNG?set_id=8800005007,1990-91 Fleer,1,1.50,Auction,1.25,0,24,,None,,Chicago Bulls,,https://www.ebay.com/itm/1990-91-Fleer-NBA-Basketball-Card-24-Horace-Grant-Bulls-/236223305204,1990-91 Fleer #24 Horace Grant,Horace Grant,1990-91 Fleer NBA Basketball Card #24 Horace Grant Bulls,2025-08-18T03:45:00.000Z,Basketball,236223305204,Base Set,0
2025-08-17 20:45:00 PDT,2025-08-08T03:45:00.000Z,https://i.ebayimg.com/00/s/NTAwWDUwMA==/z/QKcAAeSwXnRogTGk/$_1.PNG?set_id=8800005007,1990-91 Fleer,1,1.50,Auction,1.25,0,43,,None,,Dallas Mavericks,,https://www.ebay.com/itm/1990-91-Fleer-NBA-Basketball-Card-43-Sam-Perkins-Mavericks-/236223305205,1990-91 Fleer #43 Sam Perkins,Sam Perkins,1990-91 Fleer NBA Basketball Card #43 Sam Perkins Mavericks,2025-08-18T03:45:00.000Z,Basketball,236223305205,Base Set,0
2025-08-17 20:45:00 PDT,2025-08-08T03:45:00.000Z,https://i.ebayimg.com/00/s/NTAwWDUwMA==/z/MQgAAeSwlvhogTFp/$_1.PNG?set_id=8800005007,1990-91 Fleer,1,1.50,Auction,1.25,0,21,,None,,Charlotte Hornets,,https://www.ebay.com/itm/1990-91-Fleer-NBA-Basketball-Traded-Card-21-Kelly-Tripucka-Hornets-/236223305206,1990-91 Fleer #21 Kelly Tripucka,Kelly Tripucka,1990-91 Fleer NBA Basketball Traded Card #21 Kelly Tripucka Hornets,2025-08-18T03:45:00.000Z,Basketball,236223305206,"Base Set, Traded Card (TR)",0
2025-08-17 20:45:00 PDT,2025-08-08T03:45:00.000Z,https://i.ebayimg.com/00/s/NTAwWDUwMA==/z/IV0AAeSwgdNogTGl/$_1.PNG?set_id=8800005007,1990-91 Fleer,1,1.50,Auction,1.25,0,41,,None,,Dallas Mavericks,,https://www.ebay.com/itm/1990-91-Fleer-NBA-Basketball-Error-Card-41-James-Donaldson-UER-Mavericks-/236223305207,1990-91 Fleer #41 James Donaldson UER,James Donaldson,1990-91 Fleer NBA Basketball Error Card #41 James Donaldson UER Mavericks,2025-08-18T03:45:00.000Z,Basketball,236223305207,"Base Set, Uncorrected Error (UER)",0
2025-08-17 20:45:00 PDT,2025-08-08T03:45:00.000Z,https://i.ebayimg.com/00/s/NTAwWDUwMA==/z/XyYAAeSwWVVogTHd/$_1.PNG?set_id=8800005007,1990-91 Fleer,1,1.50,Auction,1.25,0,18,,None,,Charlotte Hornets,,https://www.ebay.com/itm/1990-91-Fleer-NBA-Basketball-Card-18-Dell-Curry-Hornets-/236223305208,1990-91 Fleer #18 Dell Curry,Dell Curry,1990-91 Fleer NBA Basketball Card #18 Dell Curry Hornets,2025-08-18T03:45:00.000Z,Basketball,236223305208,Base Set,0
2025-08-17 20:45:00 PDT,2025-08-08T03:45:00.000Z,https://i.ebayimg.com/00/s/NTAwWDUwMA==/z/MvYAAeSwzXJogTJW/$_1.PNG?set_id=8800005007,1990-91 Fleer,1,1.50,Auction,1.25,0,32,,None,,Cleveland Cavaliers,,https://www.ebay.com/itm/1990-91-Fleer-NBA-Basketball-Card-32-Craig-Ehlo-Cavaliers-/236223305209,1990-91 Fleer #32 Craig Ehlo,Craig Ehlo,1990-91 Fleer NBA Basketball Card #32 Craig Ehlo Cavaliers,2025-08-18T03:45:00.000Z,Basketball,236223305209,Base Set,0
2025-08-17 20:45:00 PDT,2025-08-08T03:45:00.000Z,https://i.ebayimg.com/00/s/NTAwWDUwMA==/z/N4QAAeSwk7JogTHg/$_1.PNG?set_id=8800005007,1990-91 Fleer,1,1.50,Auction,1.25,0,37,,None,,Cleveland Cavaliers,,https://www.ebay.com/itm/1990-91-Fleer-NBA-Basketball-Card-37-John-Williams-Cavaliers-/236223305210,1990-91 Fleer #37 John Williams,John Williams,1990-91 Fleer NBA Basketball Card #37 John Williams Cavaliers,2025-08-18T03:45:00.000Z,Basketball,236223305210,Base Set,0
2025-08-17 20:45:00 PDT,2025-08-08T03:45:00.000Z,https://i.ebayimg.com/00/s/NTAwWDUwMA==/z/SRYAAeSwmwFogTHh/$_1.PNG?set_id=8800005007,1990-91 Fleer,1,1.50,Auction,1.25,0,45,,None,,Dallas Mavericks,,https://www.ebay.com/itm/1990-91-Fleer-NBA-Basketball-Card-45-Herb-Williams-Mavericks-/236223305211,1990-91 Fleer #45 Herb Williams,Herb Williams,1990-91 Fleer NBA Basketball Card #45 Herb Williams Mavericks,2025-08-18T03:45:00.000Z,Basketball,236223305211,Base Set,0
2025-08-17 20:45:00 PDT,2025-08-08T03:45:00.000Z,https://i.ebayimg.com/00/s/NTAwWDUwMA==/z/Q1kAAeSwrvtogTHl/$_1.PNG?set_id=8800005007,1990-91 Fleer,1,1.50,Auction,1.25,0,38,,None,,Dallas Mavericks,,https://www.ebay.com/itm/1990-91-Fleer-NBA-Basketball-Card-38-Rolando-Blackman-Mavericks-/236223305212,1990-91 Fleer #38 Rolando Blackman,Rolando Blackman,1990-91 Fleer NBA Basketball Card #38 Rolando Blackman Mavericks,2025-08-18T03:45:00.000Z,Basketball,236223305212,Base Set,0
2025-08-17 20:45:00 PDT,2025-08-08T03:45:00.000Z,https://i.ebayimg.com/00/s/NTAwWDUwMA==/z/hzYAAeSwPQFogTX6/$_1.PNG?set_id=8800005007,1990-91 Fleer,1,1.50,Auction,1.25,0,59,,None,,Detroit Pistons,,https://www.ebay.com/itm/1990-91-Fleer-NBA-Basketball-Hall-Fame-Card-59-Dennis-Rodman-HOF-Pistons-/236223315779,1990-91 Fleer #59 Dennis Rodman,Dennis Rodman,1990-91 Fleer NBA Basketball Hall Of Fame Card #59 Dennis Rodman HOF Pistons,2025-08-18T03:45:00.000Z,Basketball,236223315779,"Base Set, Uncorrected Error (UER)",0
2025-08-17 20:45:00 PDT,2025-08-08T03:45:00.000Z,https://i.ebayimg.com/00/s/NTAwWDUwMA==/z/b9sAAeSwpphogTX-/$_1.PNG?set_id=8800005007,1990-91 Fleer,1,1.50,Auction,1.25,0,75,,None,,Houston Rockets,,https://www.ebay.com/itm/1990-91-Fleer-NBA-Basketball-Rookie-Card-75-Mitchell-Wiggins-RC-Rockets-/236223315780,1990-91 Fleer #75 Mitchell Wiggins RC,Mitchell Wiggins,1990-91 Fleer NBA Basketball Rookie Card #75 Mitchell Wiggins RC Rockets,2025-08-18T03:45:00.000Z,Basketball,236223315780,"Base Set, Rookie Card (RC)",0
2025-08-17 20:45:00 PDT,2025-08-08T03:45:00.000Z,https://i.ebayimg.com/00/s/NTAwWDUwMA==/z/fMoAAeSwPRRogTRD/$_1.PNG?set_id=8800005007,1990-91 Fleer,1,1.50,Auction,1.25,0,69,,None,,Houston Rockets,,https://www.ebay.com/itm/1990-91-Fleer-NBA-Basketball-Rookie-Error-Card-69-Anthony-Bowie-RC-UER-Rockets-/236223315781,1990-91 Fleer #69 Anthony Bowie RC UER,Anthony Bowie,1990-91 Fleer NBA Basketball Rookie Error Card #69 Anthony Bowie RC UER Rockets,2025-08-18T03:45:00.000Z,Basketball,236223315781,"Base Set, Rookie Card (RC), Uncorrected Error (UER)",0
2025-08-17 20:45:00 PDT,2025-08-08T03:45:00.000Z,https://i.ebayimg.com/00/s/NTAwWDUwMA==/z/e5cAAeSwX5xogTRE/$_1.PNG?set_id=8800005007,1990-91 Fleer,1,1.50,Auction,1.25,0,55,,None,,Detroit Pistons,,https://www.ebay.com/itm/1990-91-Fleer-NBA-Basketball-Hall-Fame-Card-55-Joe-Dumars-HOF-Pistons-/236223315782,1990-91 Fleer #55 Joe Dumars,Joe Dumars,1990-91 Fleer NBA Basketball Hall Of Fame Card #55 Joe Dumars HOF Pistons,2025-08-18T03:45:00.000Z,Basketball,236223315782,Base Set,0
2025-08-17 20:45:00 PDT,2025-08-08T03:45:00.000Z,https://i.ebayimg.com/00/s/NTAwWDUwMA==/z/bCsAAeSwWVVogTRE/$_1.PNG?set_id=8800005007,1990-91 Fleer,1,1.50,Auction,1.25,0,57,,None,,Detroit Pistons,,https://www.ebay.com/itm/1990-91-Fleer-NBA-Basketball-Card-57-Vinnie-Johnson-Pistons-/236223315783,1990-91 Fleer #57 Vinnie Johnson,Vinnie Johnson,1990-91 Fleer NBA Basketball Card #57 Vinnie Johnson Pistons,2025-08-18T03:45:00.000Z,Basketball,236223315783,Base Set,0
2025-08-17 20:45:00 PDT,2025-08-08T03:45:00.000Z,https://i.ebayimg.com/00/s/NTAwWDUwMA==/z/ZJoAAeSwc21ogTQH/$_1.PNG?set_id=8800005007,1990-91 Fleer,1,1.50,Auction,1.25,0,81,,None,,Indiana Pacers,,https://www.ebay.com/itm/1990-91-Fleer-NBA-Basketball-Card-81-Detlef-Schrempf-Pacers-/236223315784,1990-91 Fleer #81 Detlef Schrempf,Detlef Schrempf,1990-91 Fleer NBA Basketball Card #81 Detlef Schrempf Pacers,2025-08-18T03:45:00.000Z,Basketball,236223315784,Base Set,0
2025-08-17 20:45:00 PDT,2025-08-08T03:45:00.000Z,https://i.ebayimg.com/00/s/NTAwWDUwMA==/z/gzwAAeSwrcdogTVN/$_1.PNG?set_id=8800005007,1990-91 Fleer,1,1.50,Auction,1.25,0,79,,None,,Indiana Pacers,,https://www.ebay.com/itm/1990-91-Fleer-NBA-Basketball-Card-79-Chuck-Person-Pacers-/236223315785,1990-91 Fleer #79 Chuck Person,Chuck Person,1990-91 Fleer NBA Basketball Card #79 Chuck Person Pacers,2025-08-18T03:45:00.000Z,Basketball,236223315785,Base Set,0
2025-08-17 20:45:00 PDT,2025-08-08T03:45:00.000Z,https://i.ebayimg.com/00/s/NTAwWDUwMA==/z/kBcAAeSwsZxogTRG/$_1.PNG?set_id=8800005007,1990-91 Fleer,1,1.50,Auction,1.25,0,77,,None,,Indiana Pacers,,https://www.ebay.com/itm/1990-91-Fleer-NBA-Basketball-Rookie-Card-77-George-McCloud-RC-Pacers-/236223315786,1990-91 Fleer #77 George McCloud RC,George McCloud,1990-91 Fleer NBA Basketball Rookie Card #77 George McCloud RC Pacers,2025-08-18T03:45:00.000Z,Basketball,236223315786,"Base Set, Rookie Card (RC)",0
2025-08-17 20:45:00 PDT,2025-08-08T03:45:00.000Z,https://i.ebayimg.com/00/s/NTAwWDUwMA==/z/hDAAAeSw~GBogTYA/$_1.PNG?set_id=8800005007,1990-91 Fleer,1,1.50,Auction,1.25,0,72,,None,,Houston Rockets,,https://www.ebay.com/itm/1990-91-Fleer-NBA-Basketball-Card-72-Vernon-Maxwell-Rockets-/236223315787,1990-91 Fleer #72 Vernon Maxwell,Vernon Maxwell,1990-91 Fleer NBA Basketball Card #72 Vernon Maxwell Rockets,2025-08-18T03:45:00.000Z,Basketball,236223315787,Base Set,0
2025-08-17 20:45:00 PDT,2025-08-08T03:45:00.000Z,https://i.ebayimg.com/00/s/NTAwWDUwMA==/z/hxAAAeSw-jNogTYB/$_1.PNG?set_id=8800005007,1990-91 Fleer,1,1.50,Auction,1.25,0,58,,None,,Detroit Pistons,,https://www.ebay.com/itm/1990-91-Fleer-NBA-Basketball-Card-58-Bill-Laimbeer-Pistons-/236223315788,1990-91 Fleer #58 Bill Laimbeer,Bill Laimbeer,1990-91 Fleer NBA Basketball Card #58 Bill Laimbeer Pistons,2025-08-18T03:45:00.000Z,Basketball,236223315788,Base Set,0
2025-08-17 20:45:00 PDT,2025-08-08T03:45:00.000Z,https://i.ebayimg.com/00/s/NTAwWDUwMA==/z/WbwAAeSwJNlogTRD/$_1.PNG?set_id=8800005007,1990-91 Fleer,1,1.50,Auction,1.25,0,64,,None,,Golden State Warriors,,https://www.ebay.com/itm/1990-91-Fleer-NBA-Basketball-Card-64-Rod-Higgins-Warriors-/236223315790,1990-91 Fleer #64 Rod Higgins,Rod Higgins,1990-91 Fleer NBA Basketball Card #64 Rod Higgins Warriors,2025-08-18T03:45:00.000Z,Basketball,236223315790,Base Set,0
2025-08-17 20:45:00 PDT,2025-08-08T03:45:00.000Z,https://i.ebayimg.com/00/s/NTAwWDUwMA==/z/fikAAeSwGfZogTXL/$_1.PNG?set_id=8800005007,1990-91 Fleer,1,1.50,Auction,1.25,0,73,,None,,Houston Rockets,,https://www.ebay.com/itm/1990-91-Fleer-NBA-Basketball-Hall-Fame-Card-73-Akeem-Olajuwon-HOF-Rockets-/236223315791,1990-91 Fleer #73 Akeem Olajuwon,Akeem Olajuwon,1990-91 Fleer NBA Basketball Hall Of Fame Card #73 Akeem Olajuwon HOF Rockets,2025-08-18T03:45:00.000Z,Basketball,236223315791,Base Set,0
2025-08-17 20:45:00 PDT,2025-08-08T03:45:00.000Z,https://i.ebayimg.com/00/s/NTAwWDUwMA==/z/DpIAAeSwiClogTXE/$_1.PNG?set_id=8800005007,1990-91 Fleer,1,1.50,Auction,1.25,0,90,,None,,Los Angeles Lakers,,https://www.ebay.com/itm/1990-91-Fleer-NBA-Basketball-Hall-Fame-Card-90-Michael-Cooper-HOF-Lakers-/236223315792,1990-91 Fleer #90 Michael Cooper,Michael Cooper,1990-91 Fleer NBA Basketball Hall Of Fame Card #90 Michael Cooper HOF Lakers,2025-08-18T03:45:00.000Z,Basketball,236223315792,Base Set,0
2025-08-17 20:45:00 PDT,2025-08-08T03:45:00.000Z,https://i.ebayimg.com/00/s/NTAwWDUwMA==/z/uUAAAeSwcjBogTWM/$_1.PNG?set_id=8800005007,1990-91 Fleer,1,1.50,Auction,1.25,0,86,,None,,Los Angeles Clippers,,https://www.ebay.com/itm/1990-91-Fleer-NBA-Basketball-Card-86-Ron-Harper-Clippers-/236223315794,1990-91 Fleer #86 Ron Harper,Ron Harper,1990-91 Fleer NBA Basketball Card #86 Ron Harper Clippers,2025-08-18T03:45:00.000Z,Basketball,236223315794,Base Set,0
2025-08-17 20:45:00 PDT,2025-08-08T03:45:00.000Z,https://i.ebayimg.com/00/s/NTAwWDUwMA==/z/gqcAAeSwrx5ogTUA/$_1.PNG?set_id=8800005007,1990-91 Fleer,1,1.50,Auction,1.25,0,117,,None,,New Jersey Nets,,https://www.ebay.com/itm/1990-91-Fleer-NBA-Basketball-Rookie-Card-117-Mookie-Blaylock-RC-Nets-/236223315796,1990-91 Fleer #117 Mookie Blaylock RC,Mookie Blaylock,1990-91 Fleer NBA Basketball Rookie Card #117 Mookie Blaylock RC Nets,2025-08-18T03:45:00.000Z,Basketball,236223315796,"Base Set, Rookie Card (RC)",0
2025-08-17 20:45:00 PDT,2025-08-08T03:45:00.000Z,https://i.ebayimg.com/00/s/NTAwWDUwMA==/z/hJwAAeSwVRZogTWN/$_1.PNG?set_id=8800005007,1990-91 Fleer,1,1.50,Auction,1.25,0,105,,None,,Milwaukee Bucks,,https://www.ebay.com/itm/1990-91-Fleer-NBA-Basketball-Card-105-Jay-Humphries-Bucks-/236223315797,1990-91 Fleer #105 Jay Humphries,Jay Humphries,1990-91 Fleer NBA Basketball Card #105 Jay Humphries Bucks,2025-08-18T03:45:00.000Z,Basketball,236223315797,Base Set,0
2025-08-17 20:45:00 PDT,2025-08-08T03:45:00.000Z,https://i.ebayimg.com/00/s/NTAwWDUwMA==/z/wVcAAeSwmplogTRI/$_1.PNG?set_id=8800005007,1990-91 Fleer,1,1.50,Auction,1.25,0,101,,None,,Miami Heat,,https://www.ebay.com/itm/1990-91-Fleer-NBA-Basketball-Rookie-Card-101-Glen-Rice-RC-Heat-/236223315798,1990-91 Fleer #101 Glen Rice RC,Glen Rice,1990-91 Fleer NBA Basketball Rookie Card #101 Glen Rice RC Heat,2025-08-18T03:45:00.000Z,Basketball,236223315798,"Base Set, Rookie Card (RC)",0
2025-08-17 20:45:00 PDT,2025-08-08T03:45:00.000Z,https://i.ebayimg.com/00/s/NTAwWDUwMA==/z/wzEAAeSw2SNogTQG/$_1.PNG?set_id=8800005007,1990-91 Fleer,1,1.50,Auction,1.25,0,108,,None,,Milwaukee Bucks,,https://www.ebay.com/itm/1990-91-Fleer-NBA-Basketball-Card-108-Fred-Roberts-Bucks-/236223315799,1990-91 Fleer #108 Fred Roberts,Fred Roberts,1990-91 Fleer NBA Basketball Card #108 Fred Roberts Bucks,2025-08-18T03:45:00.000Z,Basketball,236223315799,Base Set,0
2025-08-17 20:45:00 PDT,2025-08-08T03:45:00.000Z,https://i.ebayimg.com/00/s/NTAwWDUwMA==/z/V8YAAeSwMMBogTT2/$_1.PNG?set_id=8800005007,1990-91 Fleer,1,1.50,Auction,1.25,0,103,,None,,Miami Heat,,https://www.ebay.com/itm/1990-91-Fleer-NBA-Basketball-Card-103-Billy-Thompson-Heat-/236223315800,1990-91 Fleer #103 Billy Thompson,Billy Thompson,1990-91 Fleer NBA Basketball Card #103 Billy Thompson Heat,2025-08-18T03:45:00.000Z,Basketball,236223315800,Base Set,0
2025-08-17 20:45:00 PDT,2025-08-08T03:45:00.000Z,https://i.ebayimg.com/00/s/NTAwWDUwMA==/z/Th8AAeSwY6RogTXG/$_1.PNG?set_id=8800005007,1990-91 Fleer,1,1.50,Auction,1.25,0,109,,None,,Milwaukee Bucks,,https://www.ebay.com/itm/1990-91-Fleer-NBA-Basketball-Card-109-Alvin-Robertson-Bucks-/236223315801,1990-91 Fleer #109 Alvin Robertson,Alvin Robertson,1990-91 Fleer NBA Basketball Card #109 Alvin Robertson Bucks,2025-08-18T03:45:00.000Z,Basketball,236223315801,Base Set,0
2025-08-17 20:45:00 PDT,2025-08-08T03:45:00.000Z,https://i.ebayimg.com/00/s/NTAwWDUwMA==/z/ZdYAAeSwUx9ogTT5/$_1.PNG?set_id=8800005007,1990-91 Fleer,1,1.50,Auction,1.25,0,111,,None,,Minnesota Timberwolves,,https://www.ebay.com/itm/1990-91-Fleer-NBA-Basketball-Error-Card-111-Randy-Breuer-UER-Timberwolves-/236223315802,1990-91 Fleer #111 Randy Breuer UER,Randy Breuer,1990-91 Fleer NBA Basketball Error Card #111 Randy Breuer UER Timberwolves,2025-08-18T03:45:00.000Z,Basketball,236223315802,"Base Set, Uncorrected Error (UER)",0
2025-08-17 20:45:00 PDT,2025-08-08T03:45:00.000Z,https://i.ebayimg.com/00/s/NTAwWDUwMA==/z/f5cAAeSwIpdogTT1/$_1.PNG?set_id=8800005007,1990-91 Fleer,1,1.50,Auction,1.25,0,107,,None,,Milwaukee Bucks,,https://www.ebay.com/itm/1990-91-Fleer-NBA-Basketball-Card-107-Paul-Pressey-Bucks-/236223315803,1990-91 Fleer #107 Paul Pressey,Paul Pressey,1990-91 Fleer NBA Basketball Card #107 Paul Pressey Bucks,2025-08-18T03:45:00.000Z,Basketball,236223315803,Base Set,0
2025-08-17 20:45:00 PDT,2025-08-08T03:45:00.000Z,https://i.ebayimg.com/00/s/NTAwWDUwMA==/z/ZxQAAeSw3xBogTT4/$_1.PNG?set_id=8800005007,1990-91 Fleer,1,1.50,Auction,1.25,0,54,,None,,Detroit Pistons,,https://www.ebay.com/itm/1990-91-Fleer-NBA-Basketball-Card-54-Mark-Aguirre-Pistons-/236223315806,1990-91 Fleer #54 Mark Aguirre,Mark Aguirre,1990-91 Fleer NBA Basketball Card #54 Mark Aguirre Pistons,2025-08-18T03:45:00.000Z,Basketball,236223315806,Base Set,0
2025-08-17 20:45:00 PDT,2025-08-08T03:45:00.000Z,https://i.ebayimg.com/00/s/NTAwWDUwMA==/z/WKoAAeSwasFogTQJ/$_1.PNG?set_id=8800005007,1990-91 Fleer,1,1.50,Auction,1.25,0,124,,None,,New York Knicks,,https://www.ebay.com/itm/1990-91-Fleer-NBA-Basketball-Hall-Fame-Card-124-Maurice-Cheeks-HOF-Knicks-/236223315807,1990-91 Fleer #124 Maurice Cheeks,Maurice Cheeks,1990-91 Fleer NBA Basketball Hall Of Fame Card #124 Maurice Cheeks HOF Knicks,2025-08-18T03:45:00.000Z,Basketball,236223315807,Base Set,0
2025-08-17 20:45:00 PDT,2025-08-08T03:45:00.000Z,https://i.ebayimg.com/00/s/NTAwWDUwMA==/z/opkAAeSwcK5ogTVM/$_1.PNG?set_id=8800005007,1990-91 Fleer,1,1.50,Auction,1.25,0,112,,None,,Minnesota Timberwolves,,https://www.ebay.com/itm/1990-91-Fleer-NBA-Basketball-Card-112-Tony-Campbell-Timberwolves-/236223315808,1990-91 Fleer #112 Tony Campbell,Tony Campbell,1990-91 Fleer NBA Basketball Card #112 Tony Campbell Timberwolves,2025-08-18T03:45:00.000Z,Basketball,236223315808,Base Set,0
2025-08-17 20:45:00 PDT,2025-08-08T03:45:00.000Z,https://i.ebayimg.com/00/s/NTAwWDUwMA==/z/jrkAAeSw9zlogTRE/$_1.PNG?set_id=8800005007,1990-91 Fleer,1,1.50,Auction,1.25,0,66,,None,,Golden State Warriors,,https://www.ebay.com/itm/1990-91-Fleer-NBA-Basketball-Hall-Fame-Card-66-Chris-Mullin-HOF-Warriors-/236223315809,1990-91 Fleer #66 Chris Mullin,Chris Mullin,1990-91 Fleer NBA Basketball Hall Of Fame Card #66 Chris Mullin HOF Warriors,2025-08-18T03:45:00.000Z,Basketball,236223315809,Base Set,0
2025-08-17 20:45:00 PDT,2025-08-08T03:45:00.000Z,https://i.ebayimg.com/00/s/NTAwWDUwMA==/z/f0YAAeSwuxxogTRC/$_1.PNG?set_id=8800005007,1990-91 Fleer,1,1.50,Auction,1.25,0,135,,None,,Orlando Magic,,https://www.ebay.com/itm/1990-91-Fleer-NBA-Basketball-Card-135-Otis-Smith-Magic-/236223315810,1990-91 Fleer #135 Otis Smith,Otis Smith,1990-91 Fleer NBA Basketball Card #135 Otis Smith Magic,2025-08-18T03:45:00.000Z,Basketball,236223315810,Base Set,0
2025-08-17 20:45:00 PDT,2025-08-08T03:45:00.000Z,https://i.ebayimg.com/00/s/NTAwWDUwMA==/z/hp8AAeSwJiVogTXC/$_1.PNG?set_id=8800005007,1990-91 Fleer,1,1.50,Auction,1.25,0,134,,None,,Orlando Magic,,https://www.ebay.com/itm/1990-91-Fleer-NBA-Basketball-Card-134-Sidney-Green-Magic-/236223315811,1990-91 Fleer #134 Sidney Green,Sidney Green,1990-91 Fleer NBA Basketball Card #134 Sidney Green Magic,2025-08-18T03:45:00.000Z,Basketball,236223315811,Base Set,0
2025-08-17 20:45:00 PDT,2025-08-08T03:45:00.000Z,https://i.ebayimg.com/00/s/NTAwWDUwMA==/z/SwEAAeSwB2hogTWK/$_1.PNG?set_id=8800005007,1990-91 Fleer,1,1.50,Auction,1.25,0,126,,None,,New York Knicks,,https://www.ebay.com/itm/1990-91-Fleer-NBA-Basketball-Card-126-Mark-Jackson-Knicks-/236223315812,1990-91 Fleer #126 Mark Jackson,Mark Jackson,1990-91 Fleer NBA Basketball Card #126 Mark Jackson Knicks,2025-08-18T03:45:00.000Z,Basketball,236223315812,Base Set,0
2025-08-17 20:45:00 PDT,2025-08-08T03:45:00.000Z,https://i.ebayimg.com/00/s/NTAwWDUwMA==/z/m0UAAeSwFYNogTXD/$_1.PNG?set_id=8800005007,1990-91 Fleer,1,1.50,Auction,1.25,0,87,,None,,Los Angeles Clippers,,https://www.ebay.com/itm/1990-91-Fleer-NBA-Basketball-Card-87-Danny-Manning-Clippers-/236223315813,1990-91 Fleer #87 Danny Manning,Danny Manning,1990-91 Fleer NBA Basketball Card #87 Danny Manning Clippers,2025-08-18T03:45:00.000Z,Basketball,236223315813,Base Set,0
2025-08-17 20:45:00 PDT,2025-08-08T03:45:00.000Z,https://i.ebayimg.com/00/s/NTAwWDUwMA==/z/f~YAAeSwRu9ogTT1/$_1.PNG?set_id=8800005007,1990-91 Fleer,1,1.50,Auction,1.25,0,89,,None,,Los Angeles Clippers,,https://www.ebay.com/itm/1990-91-Fleer-NBA-Basketball-Card-89-Charles-Smith-Clippers-/236223315814,1990-91 Fleer #89 Charles Smith,Charles Smith,1990-91 Fleer NBA Basketball Card #89 Charles Smith Clippers,2025-08-18T03:45:00.000Z,Basketball,236223315814,Base Set,0
2025-08-17 20:45:00 PDT,2025-08-08T03:45:00.000Z,https://i.ebayimg.com/00/s/NTAwWDUwMA==/z/hW8AAeSwN8ZogTXE/$_1.PNG?set_id=8800005007,1990-91 Fleer,1,1.50,Auction,1.25,0,155,,None,,Portland Trail Blazers,,https://www.ebay.com/itm/1990-91-Fleer-NBA-Basketball-Card-155-Kevin-Duckworth-Blazers-/236223315815,1990-91 Fleer #155 Kevin Duckworth,Kevin Duckworth,1990-91 Fleer NBA Basketball Card #155 Kevin Duckworth Blazers,2025-08-18T03:45:00.000Z,Basketball,236223315815,Base Set,0
2025-08-17 20:45:00 PDT,2025-08-08T03:45:00.000Z,https://i.ebayimg.com/00/s/NTAwWDUwMA==/z/yXcAAeSw2SNogTUR/$_1.PNG?set_id=8800005007,1990-91 Fleer,1,1.50,Auction,1.25,0,142,,None,,Philadelphia 76ers,,https://www.ebay.com/itm/1990-91-Fleer-NBA-Basketball-Card-142-Mike-Gminski-76ers-/236223315817,1990-91 Fleer #142 Mike Gminski,Mike Gminski,1990-91 Fleer NBA Basketball Card #142 Mike Gminski 76ers,2025-08-18T03:45:00.000Z,Basketball,236223315817,Base Set,0
2025-08-17 20:45:00 PDT,2025-08-08T03:45:00.000Z,https://i.ebayimg.com/00/s/NTAwWDUwMA==/z/WTwAAeSwrvtogTX8/$_1.PNG?set_id=8800005007,1990-91 Fleer,1,1.50,Auction,1.25,0,147,,None,,Phoenix Suns,,https://www.ebay.com/itm/1990-91-Fleer-NBA-Basketball-Card-147-Jeff-Hornacek-Suns-/236223315818,1990-91 Fleer #147 Jeff Hornacek,Jeff Hornacek,1990-91 Fleer NBA Basketball Card #147 Jeff Hornacek Suns,2025-08-18T03:45:00.000Z,Basketball,236223315818,Base Set,0
2025-08-17 20:45:00 PDT,2025-08-08T03:45:00.000Z,https://i.ebayimg.com/00/s/NTAwWDUwMA==/z/UIkAAeSwplVogTT4/$_1.PNG?set_id=8800005007,1990-91 Fleer,1,1.50,Auction,1.25,0,137,,None,,Orlando Magic,,https://www.ebay.com/itm/1990-91-Fleer-NBA-Basketball-Error-Card-137-Sam-Vincent-UER-Magic-/236223315819,1990-91 Fleer #137 Sam Vincent UER,Sam Vincent,1990-91 Fleer NBA Basketball Error Card #137 Sam Vincent UER Magic,2025-08-18T03:45:00.000Z,Basketball,236223315819,"Base Set, Uncorrected Error (UER)",0
2025-08-17 20:45:00 PDT,2025-08-08T03:45:00.000Z,https://i.ebayimg.com/00/s/NTAwWDUwMA==/z/j78AAeSwIE5ogTRF/$_1.PNG?set_id=8800005007,1990-91 Fleer,1,1.50,Auction,1.25,0,145,,None,,Philadelphia 76ers,,https://www.ebay.com/itm/1990-91-Fleer-NBA-Basketball-Card-145-Derek-Smith-76ers-/236223315820,1990-91 Fleer #145 Derek Smith,Derek Smith,1990-91 Fleer NBA Basketball Card #145 Derek Smith 76ers,2025-08-18T03:45:00.000Z,Basketball,236223315820,Base Set,0
2025-08-17 20:45:00 PDT,2025-08-08T03:45:00.000Z,https://i.ebayimg.com/00/s/NTAwWDUwMA==/z/VlMAAeSwjW9ogTWJ/$_1.PNG?set_id=8800005007,1990-91 Fleer,1,1.50,Auction,1.25,0,98,,None,,Miami Heat,,https://www.ebay.com/itm/1990-91-Fleer-NBA-Basketball-Rookie-Card-98-Sherman-Douglas-RC-Heat-/236223315821,1990-91 Fleer #98 Sherman Douglas RC,Sherman Douglas,1990-91 Fleer NBA Basketball Rookie Card #98 Sherman Douglas RC Heat,2025-08-18T03:45:00.000Z,Basketball,236223315821,"Base Set, Rookie Card (RC)",0
2025-08-17 20:45:00 PDT,2025-08-08T03:45:00.000Z,https://i.ebayimg.com/00/s/NTAwWDUwMA==/z/TJMAAeSwplVogTRF/$_1.PNG?set_id=8800005007,1990-91 Fleer,1,1.50,Auction,1.25,0,148,,None,,Phoenix Suns,,https://www.ebay.com/itm/1990-91-Fleer-NBA-Basketball-Card-148-Eddie-Johnson-Suns-/236223315822,1990-91 Fleer #148 Eddie Johnson,Eddie Johnson,1990-91 Fleer NBA Basketball Card #148 Eddie Johnson Suns,2025-08-18T03:45:00.000Z,Basketball,236223315822,Base Set,0
2025-08-17 20:45:00 PDT,2025-08-08T03:45:00.000Z,https://i.ebayimg.com/00/s/NTAwWDUwMA==/z/R5MAAeSweChogTVU/$_1.PNG?set_id=8800005007,1990-91 Fleer,1,1.50,Auction,1.25,0,50,,None,,Dallas Mavericks,,https://www.ebay.com/itm/1990-91-Fleer-NBA-Basketball-Traded-Error-Card-50-Lafayette-Lever-UER-Mavericks-/236223315823,1990-91 Fleer #50 Lafayette Lever UER,Lafayette Lever,1990-91 Fleer NBA Basketball Traded Error Card #50 Lafayette Lever UER Mavericks,2025-08-18T03:45:00.000Z,Basketball,236223315823,"Base Set, Uncorrected Error (UER), Traded Card (TR)",0
2025-08-17 20:45:00 PDT,2025-08-08T03:45:00.000Z,https://i.ebayimg.com/00/s/NTAwWDUwMA==/z/6IMAAeSwRO9ogTWL/$_1.PNG?set_id=8800005007,1990-91 Fleer,1,1.50,Auction,1.25,0,136,,None,,New Jersey Nets,,https://www.ebay.com/itm/1990-91-Fleer-NBA-Basketball-Traded-Card-136-Reggie-Theus-Nets-/236223315824,1990-91 Fleer #136 Reggie Theus,Reggie Theus,1990-91 Fleer NBA Basketball Traded Card #136 Reggie Theus Nets,2025-08-18T03:45:00.000Z,Basketball,236223315824,"Base Set, Traded Card (TR)",0
2025-08-17 20:45:00 PDT,2025-08-08T03:45:00.000Z,https://i.ebayimg.com/00/s/NTAwWDUwMA==/z/i-8AAeSwvCJogTVP/$_1.PNG?set_id=8800005007,1990-91 Fleer,1,1.50,Auction,1.25,0,88,,None,,Los Angeles Clippers,,https://www.ebay.com/itm/1990-91-Fleer-NBA-Basketball-Card-88-Ken-Norman-Clippers-/236223315825,1990-91 Fleer #88 Ken Norman,Ken Norman,1990-91 Fleer NBA Basketball Card #88 Ken Norman Clippers,2025-08-18T03:45:00.000Z,Basketball,236223315825,Base Set,0
2025-08-17 20:45:00 PDT,2025-08-08T03:45:00.000Z,https://i.ebayimg.com/00/s/NTAwWDUwMA==/z/S84AAeSwySxogTUP/$_1.PNG?set_id=8800005007,1990-91 Fleer,1,1.50,Auction,1.25,0,61,,None,,Detroit Pistons,,https://www.ebay.com/itm/1990-91-Fleer-NBA-Basketball-Hall-Fame-Card-61-Isiah-Thomas-HOF-Pistons-/236223315826,1990-91 Fleer #61 Isiah Thomas,Isiah Thomas,1990-91 Fleer NBA Basketball Hall Of Fame Card #61 Isiah Thomas HOF Pistons,2025-08-18T03:45:00.000Z,Basketball,236223315826,Base Set,0
2025-08-17 20:45:00 PDT,2025-08-08T03:45:00.000Z,https://i.ebayimg.com/00/s/NTAwWDUwMA==/z/f8wAAeSw3AVogTRH/$_1.PNG?set_id=8800005007,1990-91 Fleer,1,1.50,Auction,1.25,0,80,,None,,Indiana Pacers,,https://www.ebay.com/itm/1990-91-Fleer-NBA-Basketball-Card-80-Mike-Sanders-Pacers-/236223315827,1990-91 Fleer #80 Mike Sanders,Mike Sanders,1990-91 Fleer NBA Basketball Card #80 Mike Sanders Pacers,2025-08-18T03:45:00.000Z,Basketball,236223315827,Base Set,0
2025-08-17 20:45:00 PDT,2025-08-08T03:45:00.000Z,https://i.ebayimg.com/00/s/NTAwWDUwMA==/z/PpYAAeSwQ~FogTXI/$_1.PNG?set_id=8800005007,1990-91 Fleer,1,1.50,Auction,1.25,0,82,,None,,Indiana Pacers,,https://www.ebay.com/itm/1990-91-Fleer-NBA-Basketball-Card-82-Rik-Smits-Pacers-/236223315828,1990-91 Fleer #82 Rik Smits,Rik Smits,1990-91 Fleer NBA Basketball Card #82 Rik Smits Pacers,2025-08-18T03:45:00.000Z,Basketball,236223315828,Base Set,0
2025-08-17 20:45:00 PDT,2025-08-08T03:45:00.000Z,https://i.ebayimg.com/00/s/NTAwWDUwMA==/z/myoAAeSwYtdogTXE/$_1.PNG?set_id=8800005007,1990-91 Fleer,1,1.50,Auction,1.25,0,139,,None,,Philadelphia 76ers,,https://www.ebay.com/itm/1990-91-Fleer-NBA-Basketball-Hall-Fame-Card-139-Charles-Barkley-HOF-76ers-/236223315829,1990-91 Fleer #139 Charles Barkley,Charles Barkley,1990-91 Fleer NBA Basketball Hall Of Fame Card #139 Charles Barkley HOF 76ers,2025-08-18T03:45:00.000Z,Basketball,236223315829,"Base Set, Uncorrected Error (UER)",0
2025-08-17 20:45:00 PDT,2025-08-08T03:45:00.000Z,https://i.ebayimg.com/00/s/NTAwWDUwMA==/z/feAAAeSwzNhogTT4/$_1.PNG?set_id=8800005007,1990-91 Fleer,1,1.50,Auction,1.25,0,56,,None,,Detroit Pistons,,https://www.ebay.com/itm/1990-91-Fleer-NBA-Basketball-Card-56-James-Edwards-Pistons-/236223315830,1990-91 Fleer #56 James Edwards,James Edwards,1990-91 Fleer NBA Basketball Card #56 James Edwards Pistons,2025-08-18T03:45:00.000Z,Basketball,236223315830,Base Set,0
2025-08-17 20:45:00 PDT,2025-08-08T03:45:00.000Z,https://i.ebayimg.com/00/s/NTAwWDUwMA==/z/XesAAeSwBA9ogTWS/$_1.PNG?set_id=8800005007,1990-91 Fleer,1,1.50,Auction,1.25,0,49,,None,,Denver Nuggets,,https://www.ebay.com/itm/1990-91-Fleer-NBA-Basketball-Card-49-Bill-Hanzlik-Nuggets-/236223315831,1990-91 Fleer #49 Bill Hanzlik,Bill Hanzlik,1990-91 Fleer NBA Basketball Card #49 Bill Hanzlik Nuggets,2025-08-18T03:45:00.000Z,Basketball,236223315831,Base Set,0
2025-08-17 20:45:00 PDT,2025-08-08T03:45:00.000Z,https://i.ebayimg.com/00/s/NTAwWDUwMA==/z/fYIAAeSwOLhogTT7/$_1.PNG?set_id=8800005007,1990-91 Fleer,1,1.50,Auction,1.25,0,60,,None,,Detroit Pistons,,https://www.ebay.com/itm/1990-91-Fleer-NBA-Basketball-Card-60-John-Salley-Pistons-/236223315832,1990-91 Fleer #60 John Salley,John Salley,1990-91 Fleer NBA Basketball Card #60 John Salley Pistons,2025-08-18T03:45:00.000Z,Basketball,236223315832,Base Set,0
2025-08-17 20:45:00 PDT,2025-08-08T03:45:00.000Z,https://i.ebayimg.com/00/s/NTAwWDUwMA==/z/g5AAAeSw3AVogTT3/$_1.PNG?set_id=8800005007,1990-91 Fleer,1,1.50,Auction,1.25,0,154,,None,,Portland Trail Blazers,,https://www.ebay.com/itm/1990-91-Fleer-NBA-Basketball-Hall-Fame-Card-154-Clyde-Drexler-HOF-Blazers-/236223315833,1990-91 Fleer #154 Clyde Drexler,Clyde Drexler,1990-91 Fleer NBA Basketball Hall Of Fame Card #154 Clyde Drexler HOF Blazers,2025-08-18T03:45:00.000Z,Basketball,236223315833,Base Set,0
2025-08-17 20:45:00 PDT,2025-08-08T03:45:00.000Z,https://i.ebayimg.com/00/s/NTAwWDUwMA==/z/mtQAAeSwysZogTXv/$_1.PNG?set_id=8800005007,1990-91 Fleer,1,1.50,Auction,1.25,0,85,,None,,Los Angeles Clippers,,https://www.ebay.com/itm/1990-91-Fleer-NBA-Basketball-Card-85-Winston-Garland-Clippers-/236223315834,1990-91 Fleer #85 Winston Garland,Winston Garland,1990-91 Fleer NBA Basketball Card #85 Winston Garland Clippers,2025-08-18T03:45:00.000Z,Basketball,236223315834,Base Set,0
2025-08-17 20:45:00 PDT,2025-08-08T03:45:00.000Z,https://i.ebayimg.com/00/s/NTAwWDUwMA==/z/jVAAAeSwIQFogTRF/$_1.PNG?set_id=8800005007,1990-91 Fleer,1,1.50,Auction,1.25,0,53,,None,,Denver Nuggets,,https://www.ebay.com/itm/1990-91-Fleer-NBA-Basketball-Card-53-Dan-Schayes-Nuggets-/236223315835,1990-91 Fleer #53 Dan Schayes,Dan Schayes,1990-91 Fleer NBA Basketball Card #53 Dan Schayes Nuggets,2025-08-18T03:45:00.000Z,Basketball,236223315835,Base Set,0
2025-08-17 20:45:00 PDT,2025-08-08T03:45:00.000Z,https://i.ebayimg.com/00/s/NTAwWDUwMA==/z/epMAAeSwEwBogTRF/$_1.PNG?set_id=8800005007,1990-91 Fleer,1,1.50,Auction,1.25,0,94,,None,,Los Angeles Lakers,,https://www.ebay.com/itm/1990-91-Fleer-NBA-Basketball-Card-94-Byron-Scott-Lakers-/236223315836,1990-91 Fleer #94 Byron Scott,Byron Scott,1990-91 Fleer NBA Basketball Card #94 Byron Scott Lakers,2025-08-18T03:45:00.000Z,Basketball,236223315836,Base Set,0
2025-08-17 20:45:00 PDT,2025-08-08T03:45:00.000Z,https://i.ebayimg.com/00/s/NTAwWDUwMA==/z/xGMAAeSweshogTVQ/$_1.PNG?set_id=8800005007,1990-91 Fleer,1,1.50,Auction,1.25,0,163,,None,,Sacramento Kings,,https://www.ebay.com/itm/1990-91-Fleer-NBA-Basketball-Card-163-Antoine-Carr-Kings-/236223315837,1990-91 Fleer #163 Antoine Carr,Antoine Carr,1990-91 Fleer NBA Basketball Card #163 Antoine Carr Kings,2025-08-18T03:45:00.000Z,Basketball,236223315837,Base Set,0
2025-08-17 20:45:00 PDT,2025-08-08T03:45:00.000Z,https://i.ebayimg.com/00/s/NTAwWDUwMA==/z/hNMAAeSwsxFogTWQ/$_1.PNG?set_id=8800005007,1990-91 Fleer,1,1.50,Auction,1.25,0,160,,None,,Portland Trail Blazers,,https://www.ebay.com/itm/1990-91-Fleer-NBA-Basketball-Card-160-Buck-Williams-Blazers-/236223315838,1990-91 Fleer #160 Buck Williams,Buck Williams,1990-91 Fleer NBA Basketball Card #160 Buck Williams Blazers,2025-08-18T03:45:00.000Z,Basketball,236223315838,Base Set,0
2025-08-17 20:45:00 PDT,2025-08-08T03:45:00.000Z,https://i.ebayimg.com/00/s/NTAwWDUwMA==/z/YUYAAeSw6jVogTRE/$_1.PNG?set_id=8800005007,1990-91 Fleer,1,1.50,Auction,1.25,0,74,,None,,Houston Rockets,,https://www.ebay.com/itm/1990-91-Fleer-NBA-Basketball-Card-74-Otis-Thorpe-Rockets-/236223315839,1990-91 Fleer #74 Otis Thorpe,Otis Thorpe,1990-91 Fleer NBA Basketball Card #74 Otis Thorpe Rockets,2025-08-18T03:45:00.000Z,Basketball,236223315839,Base Set,0
2025-08-17 20:45:00 PDT,2025-08-08T03:45:00.000Z,https://i.ebayimg.com/00/s/NTAwWDUwMA==/z/V-AAAeSwvBpogTRE/$_1.PNG?set_id=8800005007,1990-91 Fleer,1,1.50,Auction,1.25,0,153,,None,,Phoenix Suns,,https://www.ebay.com/itm/1990-91-Fleer-NBA-Basketball-League-Leader-Card-153-Mark-West-Suns-/236223315840,1990-91 Fleer #153 Mark West,Mark West,1990-91 Fleer NBA Basketball League Leader Card #153 Mark West Suns,2025-08-18T03:45:00.000Z,Basketball,236223315840,"Base Set, League Leaders (LL)",0
2025-08-17 20:45:00 PDT,2025-08-08T03:45:00.000Z,https://i.ebayimg.com/00/s/NTAwWDUwMA==/z/ZYQAAeSwE5ZogTVT/$_1.PNG?set_id=8800005007,1990-91 Fleer,1,1.50,Auction,1.25,0,141,,None,,Philadelphia 76ers,,https://www.ebay.com/itm/1990-91-Fleer-NBA-Basketball-Card-141-Johnny-Dawkins-76ers-/236223315841,1990-91 Fleer #141 Johnny Dawkins,Johnny Dawkins,1990-91 Fleer NBA Basketball Card #141 Johnny Dawkins 76ers,2025-08-18T03:45:00.000Z,Basketball,236223315841,Base Set,0
2025-08-17 20:45:00 PDT,2025-08-08T03:45:00.000Z,https://i.ebayimg.com/00/s/NTAwWDUwMA==/z/wUMAAeSwmplogTRE/$_1.PNG?set_id=8800005007,1990-91 Fleer,1,1.50,Auction,1.25,0,52,,None,,Denver Nuggets,,https://www.ebay.com/itm/1990-91-Fleer-NBA-Basketball-Card-52-Blair-Rasmussen-Nuggets-/236223315842,1990-91 Fleer #52 Blair Rasmussen,Blair Rasmussen,1990-91 Fleer NBA Basketball Card #52 Blair Rasmussen Nuggets,2025-08-18T03:45:00.000Z,Basketball,236223315842,Base Set,0
2025-08-17 20:45:00 PDT,2025-08-08T03:45:00.000Z,https://i.ebayimg.com/00/s/NTAwWDUwMA==/z/hqkAAeSwcuBogTWM/$_1.PNG?set_id=8800005007,1990-91 Fleer,1,1.50,Auction,1.25,0,161,,None,,Portland Trail Blazers,,https://www.ebay.com/itm/1990-91-Fleer-NBA-Basketball-Card-161-Danny-Young-Blazers-/236223315843,1990-91 Fleer #161 Danny Young,Danny Young,1990-91 Fleer NBA Basketball Card #161 Danny Young Blazers,2025-08-18T03:45:00.000Z,Basketball,236223315843,Base Set,0
2025-08-17 20:45:00 PDT,2025-08-08T03:45:00.000Z,https://i.ebayimg.com/00/s/NTAwWDUwMA==/z/fBYAAeSwpBJogTT-/$_1.PNG?set_id=8800005007,1990-91 Fleer,1,1.50,Auction,1.25,0,62,,None,,Golden State Warriors,,https://www.ebay.com/itm/1990-91-Fleer-NBA-Basketball-Card-62-Manute-Bol-Warriors-/236223315844,1990-91 Fleer #62 Manute Bol,Manute Bol,1990-91 Fleer NBA Basketball Card #62 Manute Bol Warriors,2025-08-18T03:45:00.000Z,Basketball,236223315844,Base Set,0
2025-08-17 20:45:00 PDT,2025-08-08T03:45:00.000Z,https://i.ebayimg.com/00/s/NTAwWDUwMA==/z/azEAAeSwibBogTUT/$_1.PNG?set_id=8800005007,1990-91 Fleer,1,1.50,Auction,1.25,0,93,,None,,Los Angeles Lakers,,https://www.ebay.com/itm/1990-91-Fleer-NBA-Basketball-Hall-Fame-Card-93-Earvin-Johnson-HOF-Lakers-/236223315845,1990-91 Fleer #93 Earvin Johnson,Earvin Johnson,1990-91 Fleer NBA Basketball Hall Of Fame Card #93 Earvin Johnson HOF Lakers,2025-08-18T03:45:00.000Z,Basketball,236223315845,Base Set,0
2025-08-17 20:45:00 PDT,2025-08-08T03:45:00.000Z,https://i.ebayimg.com/00/s/NTAwWDUwMA==/z/fmAAAeSwTlNogTT7/$_1.PNG?set_id=8800005007,1990-91 Fleer,1,1.50,Auction,1.25,0,84,,None,,Los Angeles Clippers,,https://www.ebay.com/itm/1990-91-Fleer-NBA-Basketball-Card-84-Benoit-Benjamin-Clippers-/236223315846,1990-91 Fleer #84 Benoit Benjamin,Benoit Benjamin,1990-91 Fleer NBA Basketball Card #84 Benoit Benjamin Clippers,2025-08-18T03:45:00.000Z,Basketball,236223315846,Base Set,0
2025-08-17 20:45:00 PDT,2025-08-08T03:45:00.000Z,https://i.ebayimg.com/00/s/NTAwWDUwMA==/z/eQcAAeSw7PJogTVN/$_1.PNG?set_id=8800005007,1990-91 Fleer,1,1.50,Auction,1.25,0,76,,None,,Indiana Pacers,,https://www.ebay.com/itm/1990-91-Fleer-NBA-Basketball-Card-76-Vern-Fleming-Pacers-/236223315847,1990-91 Fleer #76 Vern Fleming,Vern Fleming,1990-91 Fleer NBA Basketball Card #76 Vern Fleming Pacers,2025-08-18T03:45:00.000Z,Basketball,236223315847,Base Set,0
2025-08-17 20:45:00 PDT,2025-08-08T03:45:00.000Z,https://i.ebayimg.com/00/s/NTAwWDUwMA==/z/4HQAAeSwd~logTXE/$_1.PNG?set_id=8800005007,1990-91 Fleer,1,1.50,Auction,1.25,0,116,,None,,Minnesota Timberwolves,,https://www.ebay.com/itm/1990-91-Fleer-NBA-Basketball-Rookie-Card-116-Pooh-Richardson-RC-Timberwolves-/236223315848,1990-91 Fleer #116 Pooh Richardson RC,Pooh Richardson,1990-91 Fleer NBA Basketball Rookie Card #116 Pooh Richardson RC Timberwolves,2025-08-18T03:45:00.000Z,Basketball,236223315848,"Base Set, Rookie Card (RC)",0
2025-08-17 20:45:00 PDT,2025-08-08T03:45:00.000Z,https://i.ebayimg.com/00/s/NTAwWDUwMA==/z/fOQAAeSwuslogTRD/$_1.PNG?set_id=8800005007,1990-91 Fleer,1,1.50,Auction,1.25,0,95,,None,,Los Angeles Lakers,,https://www.ebay.com/itm/1990-91-Fleer-NBA-Basketball-Error-Card-95-Mychal-Thompson-UER-Lakers-/236223315849,1990-91 Fleer #95 Mychal Thompson UER,Mychal Thompson,1990-91 Fleer NBA Basketball Error Card #95 Mychal Thompson UER Lakers,2025-08-18T03:45:00.000Z,Basketball,236223315849,"Base Set, Uncorrected Error (UER)",0
2025-08-17 20:45:00 PDT,2025-08-08T03:45:00.000Z,https://i.ebayimg.com/00/s/NTAwWDUwMA==/z/mZEAAeSw5bxogTXE/$_1.PNG?set_id=8800005007,1990-91 Fleer,1,1.50,Auction,1.25,0,63,,None,,Golden State Warriors,,https://www.ebay.com/itm/1990-91-Fleer-NBA-Basketball-Hall-Fame-Card-63-Tim-Hardaway-HOF-Warriors-/236223315850,1990-91 Fleer #63 Tim Hardaway,Tim Hardaway,1990-91 Fleer NBA Basketball Hall Of Fame Card #63 Tim Hardaway HOF Warriors,2025-08-18T03:45:00.000Z,Basketball,236223315850,"Base Set, Rookie Card (RC), Uncorrected Error (UER)",0
2025-08-17 20:45:00 PDT,2025-08-08T03:45:00.000Z,https://i.ebayimg.com/00/s/NTAwWDUwMA==/z/v2MAAeSwZ11ogTQJ/$_1.PNG?set_id=8800005007,1990-91 Fleer,1,1.50,Auction,1.25,0,92,,None,,Los Angeles Lakers,,https://www.ebay.com/itm/1990-91-Fleer-NBA-Basketball-Card-92-A-C-Green-Lakers-/236223315851,1990-91 Fleer #92 A.C. Green,A.C. Green,1990-91 Fleer NBA Basketball Card #92 A.C. Green Lakers,2025-08-18T03:45:00.000Z,Basketball,236223315851,Base Set,0
2025-08-17 20:45:00 PDT,2025-08-08T03:45:00.000Z,https://i.ebayimg.com/00/s/NTAwWDUwMA==/z/bcEAAeSwtclogTT6/$_1.PNG?set_id=8800005007,1990-91 Fleer,1,1.50,Auction,1.25,0,51,,None,,Denver Nuggets,,https://www.ebay.com/itm/1990-91-Fleer-NBA-Basketball-Rookie-Card-51-Todd-Lichti-RC-Nuggets-/236223315852,1990-91 Fleer #51 Todd Lichti RC,Todd Lichti,1990-91 Fleer NBA Basketball Rookie Card #51 Todd Lichti RC Nuggets,2025-08-18T03:45:00.000Z,Basketball,236223315852,"Base Set, Rookie Card (RC)",0
2025-08-17 20:45:00 PDT,2025-08-08T03:45:00.000Z,https://i.ebayimg.com/00/s/NTAwWDUwMA==/z/n0sAAeSwByNogTWH/$_1.PNG?set_id=8800005007,1990-91 Fleer,1,1.50,Auction,1.25,0,67,,None,,Golden State Warriors,,https://www.ebay.com/itm/1990-91-Fleer-NBA-Basketball-Hall-Fame-Card-67-Mitch-Richmond-HOF-Warriors-/236223315853,1990-91 Fleer #67 Mitch Richmond,Mitch Richmond,1990-91 Fleer NBA Basketball Hall Of Fame Card #67 Mitch Richmond HOF Warriors,2025-08-18T03:45:00.000Z,Basketball,236223315853,Base Set,0
2025-08-17 20:45:00 PDT,2025-08-08T03:45:00.000Z,https://i.ebayimg.com/00/s/NTAwWDUwMA==/z/UnkAAeSwMMBogTQL/$_1.PNG?set_id=8800005007,1990-91 Fleer,1,1.50,Auction,1.25,0,146,,None,,Phoenix Suns,,https://www.ebay.com/itm/1990-91-Fleer-NBA-Basketball-Card-146-Tom-Chambers-Suns-/236223315854,1990-91 Fleer #146 Tom Chambers,Tom Chambers,1990-91 Fleer NBA Basketball Card #146 Tom Chambers Suns,2025-08-18T03:45:00.000Z,Basketball,236223315854,Base Set,0
2025-08-17 20:45:00 PDT,2025-08-08T03:45:00.000Z,https://i.ebayimg.com/00/s/NTAwWDUwMA==/z/hW4AAeSw5bVogTWM/$_1.PNG?set_id=8800005007,1990-91 Fleer,1,1.50,Auction,1.25,0,78,,None,,Indiana Pacers,,https://www.ebay.com/itm/1990-91-Fleer-NBA-Basketball-Hall-Fame-Card-78-Reggie-Miller-HOF-Pacers-/236223315855,1990-91 Fleer #78 Reggie Miller,Reggie Miller,1990-91 Fleer NBA Basketball Hall Of Fame Card #78 Reggie Miller HOF Pacers,2025-08-18T03:45:00.000Z,Basketball,236223315855,Base Set,0
2025-08-17 20:45:00 PDT,2025-08-08T03:45:00.000Z,https://i.ebayimg.com/00/s/NTAwWDUwMA==/z/SR8AAeSwlvhogTXI/$_1.PNG?set_id=8800005007,1990-91 Fleer,1,1.50,Auction,1.25,0,110,,None,,Milwaukee Bucks,,https://www.ebay.com/itm/1990-91-Fleer-NBA-Basketball-Hall-Fame-Card-110-Jack-Sikma-HOF-Bucks-/236223315856,1990-91 Fleer #110 Jack Sikma,Jack Sikma,1990-91 Fleer NBA Basketball Hall Of Fame Card #110 Jack Sikma HOF Bucks,2025-08-18T03:45:00.000Z,Basketball,236223315856,Base Set,0
2025-08-17 20:45:00 PDT,2025-08-08T03:45:00.000Z,https://i.ebayimg.com/00/s/NTAwWDUwMA==/z/kqUAAeSwhDVogTQQ/$_1.PNG?set_id=8800005007,1990-91 Fleer,1,1.50,Auction,1.25,0,68,,None,,Golden State Warriors,,https://www.ebay.com/itm/1990-91-Fleer-NBA-Basketball-Card-68-Terry-Teagle-Warriors-/236223315857,1990-91 Fleer #68 Terry Teagle,Terry Teagle,1990-91 Fleer NBA Basketball Card #68 Terry Teagle Warriors,2025-08-18T03:45:00.000Z,Basketball,236223315857,Base Set,0
2025-08-17 20:45:00 PDT,2025-08-08T03:45:00.000Z,https://i.ebayimg.com/00/s/NTAwWDUwMA==/z/XiwAAeSw4r5ogTYG/$_1.PNG?set_id=8800005007,1990-91 Fleer,1,1.50,Auction,1.25,0,99,,None,,Miami Heat,,https://www.ebay.com/itm/1990-91-Fleer-NBA-Basketball-Card-99-Kevin-Edwards-Heat-/236223315858,1990-91 Fleer #99 Kevin Edwards,Kevin Edwards,1990-91 Fleer NBA Basketball Card #99 Kevin Edwards Heat,2025-08-18T03:45:00.000Z,Basketball,236223315858,Base Set,0
2025-08-17 20:45:00 PDT,2025-08-08T03:45:00.000Z,https://i.ebayimg.com/00/s/NTAwWDUwMA==/z/X9MAAeSw1fVogTUR/$_1.PNG?set_id=8800005007,1990-91 Fleer,1,1.50,Auction,1.25,0,118,,None,,New Jersey Nets,,https://www.ebay.com/itm/1990-91-Fleer-NBA-Basketball-Card-118-Sam-Bowie-Nets-/236223315859,1990-91 Fleer #118 Sam Bowie,Sam Bowie,1990-91 Fleer NBA Basketball Card #118 Sam Bowie Nets,2025-08-18T03:45:00.000Z,Basketball,236223315859,Base Set,0
2025-08-17 20:45:00 PDT,2025-08-08T03:45:00.000Z,https://i.ebayimg.com/00/s/NTAwWDUwMA==/z/PnwAAeSwlvhogTQM/$_1.PNG?set_id=8800005007,1990-91 Fleer,1,1.50,Auction,1.25,0,48,,None,,Denver Nuggets,,https://www.ebay.com/itm/1990-91-Fleer-NBA-Basketball-Hall-Fame-Card-48-Alex-English-HOF-Nuggets-/236223315860,1990-91 Fleer #48 Alex English,Alex English,1990-91 Fleer NBA Basketball Hall Of Fame Card #48 Alex English HOF Nuggets,2025-08-18T03:45:00.000Z,Basketball,236223315860,"Base Set, Uncorrected Error (UER)",0
2025-08-17 20:45:00 PDT,2025-08-08T03:45:00.000Z,https://i.ebayimg.com/00/s/NTAwWDUwMA==/z/bkYAAeSwdjBogTWM/$_1.PNG?set_id=8800005007,1990-91 Fleer,1,1.50,Auction,1.25,0,151,,None,,Phoenix Suns,,https://www.ebay.com/itm/1990-91-Fleer-NBA-Basketball-Card-151-Tim-Perry-Suns-/236223315861,1990-91 Fleer #151 Tim Perry,Tim Perry,1990-91 Fleer NBA Basketball Card #151 Tim Perry Suns,2025-08-18T03:45:00.000Z,Basketball,236223315861,Base Set,0
2025-08-17 20:45:00 PDT,2025-08-08T03:45:00.000Z,https://i.ebayimg.com/00/s/NTAwWDUwMA==/z/bFMAAeSwWVVogTRJ/$_1.PNG?set_id=8800005007,1990-91 Fleer,1,1.50,Auction,1.25,0,125,,None,,New York Knicks,,https://www.ebay.com/itm/1990-91-Fleer-NBA-Basketball-Hall-Fame-Card-125-Patrick-Ewing-HOF-Knicks-/236223315862,1990-91 Fleer #125 Patrick Ewing,Patrick Ewing,1990-91 Fleer NBA Basketball Hall Of Fame Card #125 Patrick Ewing HOF Knicks,2025-08-18T03:45:00.000Z,Basketball,236223315862,Base Set,0
2025-08-17 20:45:00 PDT,2025-08-08T03:45:00.000Z,https://i.ebayimg.com/00/s/NTAwWDUwMA==/z/WL8AAeSwjSRogTVQ/$_1.PNG?set_id=8800005007,1990-91 Fleer,1,1.50,Auction,1.25,0,96,,None,,Los Angeles Lakers,,https://www.ebay.com/itm/1990-91-Fleer-NBA-Basketball-Card-96-Orlando-Woolridge-Lakers-/236223315863,1990-91 Fleer #96 Orlando Woolridge,Orlando Woolridge,1990-91 Fleer NBA Basketball Card #96 Orlando Woolridge Lakers,2025-08-18T03:45:00.000Z,Basketball,236223315863,Base Set,0
2025-08-17 20:45:00 PDT,2025-08-08T03:45:00.000Z,https://i.ebayimg.com/00/s/NTAwWDUwMA==/z/XmsAAeSwJNlogTUQ/$_1.PNG?set_id=8800005007,1990-91 Fleer,1,1.50,Auction,1.25,0,127,,None,,New York Knicks,,https://www.ebay.com/itm/1990-91-Fleer-NBA-Basketball-Card-127-Johnny-Newman-Knicks-/236223315864,1990-91 Fleer #127 Johnny Newman,Johnny Newman,1990-91 Fleer NBA Basketball Card #127 Johnny Newman Knicks,2025-08-18T03:45:00.000Z,Basketball,236223315864,Base Set,0
2025-08-17 20:45:00 PDT,2025-08-08T03:45:00.000Z,https://i.ebayimg.com/00/s/NTAwWDUwMA==/z/h94AAeSw9ntogTYA/$_1.PNG?set_id=8800005007,1990-91 Fleer,1,1.50,Auction,1.25,0,83,,None,,Indiana Pacers,,https://www.ebay.com/itm/1990-91-Fleer-NBA-Basketball-Card-83-LaSalle-Thompson-Pacers-/236223315865,1990-91 Fleer #83 LaSalle Thompson,LaSalle Thompson,1990-91 Fleer NBA Basketball Card #83 LaSalle Thompson Pacers,2025-08-18T03:45:00.000Z,Basketball,236223315865,Base Set,0
2025-08-17 20:45:00 PDT,2025-08-08T03:45:00.000Z,https://i.ebayimg.com/00/s/NTAwWDUwMA==/z/azAAAeSwYSdogTXD/$_1.PNG?set_id=8800005007,1990-91 Fleer,1,1.50,Auction,1.25,0,102,,None,,Miami Heat,,https://www.ebay.com/itm/1990-91-Fleer-NBA-Basketball-Error-Card-102-Rony-Seikaly-UER-Heat-/236223315866,1990-91 Fleer #102 Rony Seikaly UER,Rony Seikaly,1990-91 Fleer NBA Basketball Error Card #102 Rony Seikaly UER Heat,2025-08-18T03:45:00.000Z,Basketball,236223315866,"Base Set, Uncorrected Error (UER)",0
2025-08-17 20:45:00 PDT,2025-08-08T03:45:00.000Z,https://i.ebayimg.com/00/s/NTAwWDUwMA==/z/gmwAAeSwrx5ogTT5/$_1.PNG?set_id=8800005007,1990-91 Fleer,1,1.50,Auction,1.25,0,70,,None,,Houston Rockets,,https://www.ebay.com/itm/1990-91-Fleer-NBA-Basketball-Card-70-Eric-Floyd-Rockets-/236223315867,1990-91 Fleer #70 Eric Floyd,Eric Floyd,1990-91 Fleer NBA Basketball Card #70 Eric Floyd Rockets,2025-08-18T03:45:00.000Z,Basketball,236223315867,Base Set,0
2025-08-17 20:45:00 PDT,2025-08-08T03:45:00.000Z,https://i.ebayimg.com/00/s/NTAwWDUwMA==/z/bfkAAeSwDHFogTWJ/$_1.PNG?set_id=8800005007,1990-91 Fleer,1,1.50,Auction,1.25,0,138,,None,,Philadelphia 76ers,,https://www.ebay.com/itm/1990-91-Fleer-NBA-Basketball-Card-138-Ron-Anderson-76ers-/236223315868,1990-91 Fleer #138 Ron Anderson,Ron Anderson,1990-91 Fleer NBA Basketball Card #138 Ron Anderson 76ers,2025-08-18T03:45:00.000Z,Basketball,236223315868,Base Set,0
2025-08-17 20:45:00 PDT,2025-08-08T03:45:00.000Z,https://i.ebayimg.com/00/s/NTAwWDUwMA==/z/V~YAAeSwvBpogTRH/$_1.PNG?set_id=8800005007,1990-91 Fleer,1,1.50,Auction,1.25,0,113,,None,,Minnesota Timberwolves,,https://www.ebay.com/itm/1990-91-Fleer-NBA-Basketball-Card-113-Tyrone-Corbin-Timberwolves-/236223315869,1990-91 Fleer #113 Tyrone Corbin,Tyrone Corbin,1990-91 Fleer NBA Basketball Card #113 Tyrone Corbin Timberwolves,2025-08-18T03:45:00.000Z,Basketball,236223315869,Base Set,0
2025-08-17 20:45:00 PDT,2025-08-08T03:45:00.000Z,https://i.ebayimg.com/00/s/NTAwWDUwMA==/z/anQAAeSw7DxogTT8/$_1.PNG?set_id=8800005007,1990-91 Fleer,1,1.50,Auction,1.25,0,71,,None,,Houston Rockets,,https://www.ebay.com/itm/1990-91-Fleer-NBA-Basketball-Card-71-Buck-Johnson-Rockets-/236223315870,1990-91 Fleer #71 Buck Johnson,Buck Johnson,1990-91 Fleer NBA Basketball Card #71 Buck Johnson Rockets,2025-08-18T03:45:00.000Z,Basketball,236223315870,Base Set,0
2025-08-17 20:45:00 PDT,2025-08-08T03:45:00.000Z,https://i.ebayimg.com/00/s/NTAwWDUwMA==/z/UE8AAeSwh9JogTRF/$_1.PNG?set_id=8800005007,1990-91 Fleer,1,1.50,Auction,1.25,0,170,,None,,San Antonio Spurs,,https://www.ebay.com/itm/1990-91-Fleer-NBA-Basketball-Card-170-Terry-Cummings-Spurs-/236223315871,1990-91 Fleer #170 Terry Cummings,Terry Cummings,1990-91 Fleer NBA Basketball Card #170 Terry Cummings Spurs,2025-08-18T03:45:00.000Z,Basketball,236223315871,Base Set,0
2025-08-17 20:45:00 PDT,2025-08-08T03:45:00.000Z,https://i.ebayimg.com/00/s/NTAwWDUwMA==/z/mEAAAeSwuHlogTTx/$_1.PNG?set_id=8800005007,1990-91 Fleer,1,1.50,Auction,1.25,0,168,,None,,San Antonio Spurs,,https://www.ebay.com/itm/1990-91-Fleer-NBA-Basketball-Card-168-Willie-Anderson-Spurs-/236223315872,1990-91 Fleer #168 Willie Anderson,Willie Anderson,1990-91 Fleer NBA Basketball Card #168 Willie Anderson Spurs,2025-08-18T03:45:00.000Z,Basketball,236223315872,Base Set,0
2025-08-17 20:45:00 PDT,2025-08-08T03:45:00.000Z,https://i.ebayimg.com/00/s/NTAwWDUwMA==/z/mREAAeSwhDVogTT8/$_1.PNG?set_id=8800005007,1990-91 Fleer,1,1.50,Auction,1.25,0,100,,None,,Miami Heat,,https://www.ebay.com/itm/1990-91-Fleer-NBA-Basketball-Card-100-Grant-Long-Heat-/236223315873,1990-91 Fleer #100 Grant Long,Grant Long,1990-91 Fleer NBA Basketball Card #100 Grant Long Heat,2025-08-18T03:45:00.000Z,Basketball,236223315873,Base Set,0
2025-08-17 20:45:00 PDT,2025-08-08T03:45:00.000Z,https://i.ebayimg.com/00/s/NTAwWDUwMA==/z/Ze0AAeSwfmNogTQK/$_1.PNG?set_id=8800005007,1990-91 Fleer,1,1.50,Auction,1.25,0,120,,None,,Chicago Bulls,,https://www.ebay.com/itm/1990-91-Fleer-NBA-Basketball-Traded-Card-120-Dennis-Hopson-Bulls-/236223315874,1990-91 Fleer #120 Dennis Hopson,Dennis Hopson,1990-91 Fleer NBA Basketball Traded Card #120 Dennis Hopson Bulls,2025-08-18T03:45:00.000Z,Basketball,236223315874,"Base Set, Traded Card (TR)",0
2025-08-17 20:45:00 PDT,2025-08-08T03:45:00.000Z,https://i.ebayimg.com/00/s/NTAwWDUwMA==/z/jQMAAeSwD8xogTXN/$_1.PNG?set_id=8800005007,1990-91 Fleer,1,1.50,Auction,1.25,0,133,,None,,Orlando Magic,,https://www.ebay.com/itm/1990-91-Fleer-NBA-Basketball-Card-133-Terry-Catledge-Magic-/236223315875,1990-91 Fleer #133 Terry Catledge,Terry Catledge,1990-91 Fleer NBA Basketball Card #133 Terry Catledge Magic,2025-08-18T03:45:00.000Z,Basketball,236223315875,Base Set,0
2025-08-17 20:45:00 PDT,2025-08-08T03:45:00.000Z,https://i.ebayimg.com/00/s/NTAwWDUwMA==/z/hAQAAeSwQ1ZogTUT/$_1.PNG?set_id=8800005007,1990-91 Fleer,1,1.50,Auction,1.25,0,149,,None,,Phoenix Suns,,https://www.ebay.com/itm/1990-91-Fleer-NBA-Basketball-Card-149-Kevin-Johnson-Suns-/236223315876,1990-91 Fleer #149 Kevin Johnson,Kevin Johnson,1990-91 Fleer NBA Basketball Card #149 Kevin Johnson Suns,2025-08-18T03:45:00.000Z,Basketball,236223315876,Base Set,0
2025-08-17 20:45:00 PDT,2025-08-08T03:45:00.000Z,https://i.ebayimg.com/00/s/NTAwWDUwMA==/z/lH4AAeSwzGpogTWM/$_1.PNG?set_id=8800005007,1990-91 Fleer,1,1.50,Auction,1.25,0,104,,None,,Milwaukee Bucks,,https://www.ebay.com/itm/1990-91-Fleer-NBA-Basketball-Rookie-Card-104-Jeff-Grayer-RC-Bucks-/236223315877,1990-91 Fleer #104 Jeff Grayer RC,Jeff Grayer,1990-91 Fleer NBA Basketball Rookie Card #104 Jeff Grayer RC Bucks,2025-08-18T03:45:00.000Z,Basketball,236223315877,"Base Set, Rookie Card (RC)",0
2025-08-17 20:45:00 PDT,2025-08-08T03:45:00.000Z,https://i.ebayimg.com/00/s/NTAwWDUwMA==/z/VQ4AAeSwIQ9ogTRE/$_1.PNG?set_id=8800005007,1990-91 Fleer,1,1.50,Auction,1.25,0,158,,None,,Portland Trail Blazers,,https://www.ebay.com/itm/1990-91-Fleer-NBA-Basketball-Card-158-Terry-Porter-Blazers-/236223315878,1990-91 Fleer #158 Terry Porter,Terry Porter,1990-91 Fleer NBA Basketball Card #158 Terry Porter Blazers,2025-08-18T03:45:00.000Z,Basketball,236223315878,Base Set,0
2025-08-17 20:45:00 PDT,2025-08-08T03:45:00.000Z,https://i.ebayimg.com/00/s/NTAwWDUwMA==/z/hDYAAeSwTydogTVP/$_1.PNG?set_id=8800005007,1990-91 Fleer,1,1.50,Auction,1.25,0,143,,None,,Philadelphia 76ers,,https://www.ebay.com/itm/1990-91-Fleer-NBA-Basketball-Card-143-Hersey-Hawkins-76ers-/236223315879,1990-91 Fleer #143 Hersey Hawkins,Hersey Hawkins,1990-91 Fleer NBA Basketball Card #143 Hersey Hawkins 76ers,2025-08-18T03:45:00.000Z,Basketball,236223315879,Base Set,0
2025-08-17 20:45:00 PDT,2025-08-08T03:45:00.000Z,https://i.ebayimg.com/00/s/NTAwWDUwMA==/z/6JMAAeSwgytogTYA/$_1.PNG?set_id=8800005007,1990-91 Fleer,1,1.50,Auction,1.25,0,150,,None,,Phoenix Suns,,https://www.ebay.com/itm/1990-91-Fleer-NBA-Basketball-Error-Card-150-Dan-Majerle-UER-Suns-/236223315880,1990-91 Fleer #150 Dan Majerle UER,Dan Majerle,1990-91 Fleer NBA Basketball Error Card #150 Dan Majerle UER Suns,2025-08-18T03:45:00.000Z,Basketball,236223315880,"Base Set, Uncorrected Error (UER)",0
2025-08-17 20:45:00 PDT,2025-08-08T03:45:00.000Z,https://i.ebayimg.com/00/s/NTAwWDUwMA==/z/kuQAAeSw13FogTT6/$_1.PNG?set_id=8800005007,1990-91 Fleer,1,1.50,Auction,1.25,0,129,,None,,New York Knicks,,https://www.ebay.com/itm/1990-91-Fleer-NBA-Basketball-Traded-Card-129-Trent-Tucker-Knicks-/236223315881,1990-91 Fleer #129 Trent Tucker,Trent Tucker,1990-91 Fleer NBA Basketball Traded Card #129 Trent Tucker Knicks,2025-08-18T03:45:00.000Z,Basketball,236223315881,"Base Set, Traded Card (TR)",0
2025-08-17 20:45:00 PDT,2025-08-08T03:45:00.000Z,https://i.ebayimg.com/00/s/NTAwWDUwMA==/z/CfkAAeSwiClogTT6/$_1.PNG?set_id=8800005007,1990-91 Fleer,1,1.50,Auction,1.25,0,106,,None,,Milwaukee Bucks,,https://www.ebay.com/itm/1990-91-Fleer-NBA-Basketball-Rookie-Card-106-Ricky-Pierce-RC-Bucks-/236223315882,1990-91 Fleer #106 Ricky Pierce RC,Ricky Pierce,1990-91 Fleer NBA Basketball Rookie Card #106 Ricky Pierce RC Bucks,2025-08-18T03:45:00.000Z,Basketball,236223315882,"Base Set, Rookie Card (RC)",0
2025-08-17 20:45:00 PDT,2025-08-08T03:45:00.000Z,https://i.ebayimg.com/00/s/NTAwWDUwMA==/z/T~gAAeSw9nlogTRG/$_1.PNG?set_id=8800005007,1990-91 Fleer,1,1.50,Auction,1.25,0,121,,None,,New Jersey Nets,,https://www.ebay.com/itm/1990-91-Fleer-NBA-Basketball-Card-121-Chris-Morris-Nets-/236223315883,1990-91 Fleer #121 Chris Morris,Chris Morris,1990-91 Fleer NBA Basketball Card #121 Chris Morris Nets,2025-08-18T03:45:00.000Z,Basketball,236223315883,Base Set,0
2025-08-17 20:45:00 PDT,2025-08-08T03:45:00.000Z,https://i.ebayimg.com/00/s/NTAwWDUwMA==/z/XZcAAeSwNVtogTVS/$_1.PNG?set_id=8800005007,1990-91 Fleer,1,1.50,Auction,1.25,0,171,,None,,San Antonio Spurs,,https://www.ebay.com/itm/1990-91-Fleer-NBA-Basketball-Rookie-Card-171-Sean-Elliott-RC-Spurs-/236223315884,1990-91 Fleer #171 Sean Elliott RC,Sean Elliott,1990-91 Fleer NBA Basketball Rookie Card #171 Sean Elliott RC Spurs,2025-08-18T03:45:00.000Z,Basketball,236223315884,"Base Set, Rookie Card (RC)",0
2025-08-17 20:45:00 PDT,2025-08-08T03:45:00.000Z,https://i.ebayimg.com/00/s/NTAwWDUwMA==/z/b1IAAeSwNo1ogTVR/$_1.PNG?set_id=8800005007,1990-91 Fleer,1,1.50,Auction,1.25,0,156,,None,,Portland Trail Blazers,,https://www.ebay.com/itm/1990-91-Fleer-NBA-Basketball-Rookie-Card-156-Byron-Irvin-RC-Blazers-/236223315885,1990-91 Fleer #156 Byron Irvin RC,Byron Irvin,1990-91 Fleer NBA Basketball Rookie Card #156 Byron Irvin RC Blazers,2025-08-18T03:45:00.000Z,Basketball,236223315885,"Base Set, Rookie Card (RC)",0
2025-08-17 20:45:00 PDT,2025-08-08T03:45:00.000Z,https://i.ebayimg.com/00/s/NTAwWDUwMA==/z/ToQAAeSw68NogTQL/$_1.PNG?set_id=8800005007,1990-91 Fleer,1,1.50,Auction,1.25,0,169,,None,,San Antonio Spurs,,https://www.ebay.com/itm/1990-91-Fleer-NBA-Basketball-Card-169-Frank-Brickowski-Spurs-/236223315886,1990-91 Fleer #169 Frank Brickowski,Frank Brickowski,1990-91 Fleer NBA Basketball Card #169 Frank Brickowski Spurs,2025-08-18T03:45:00.000Z,Basketball,236223315886,Base Set,0
2025-08-17 20:45:00 PDT,2025-08-08T03:45:00.000Z,https://i.ebayimg.com/00/s/NTAwWDUwMA==/z/XakAAeSw0ntogTXN/$_1.PNG?set_id=8800005007,1990-91 Fleer,1,1.50,Auction,1.25,0,165,,None,,Sacramento Kings,,https://www.ebay.com/itm/1990-91-Fleer-NBA-Basketball-League-Leader-Card-165-Rodney-McCray-Kings-/236223315887,1990-91 Fleer #165 Rodney McCray,Rodney McCray,1990-91 Fleer NBA Basketball League Leader Card #165 Rodney McCray Kings,2025-08-18T03:45:00.000Z,Basketball,236223315887,"Base Set, League Leaders (LL)",0
2025-08-17 20:45:00 PDT,2025-08-08T03:45:00.000Z,https://i.ebayimg.com/00/s/NTAwWDUwMA==/z/XUkAAeSwxDRogTQO/$_1.PNG?set_id=8800005007,1990-91 Fleer,1,1.50,Auction,1.25,0,122,,None,,New Jersey Nets,,https://www.ebay.com/itm/1990-91-Fleer-NBA-Basketball-Card-122-Charles-Shackleford-Nets-/236223315888,1990-91 Fleer #122 Charles Shackleford,Charles Shackleford,1990-91 Fleer NBA Basketball Card #122 Charles Shackleford Nets,2025-08-18T03:45:00.000Z,Basketball,236223315888,Base Set,0
2025-08-17 20:45:00 PDT,2025-08-08T03:45:00.000Z,https://i.ebayimg.com/00/s/NTAwWDUwMA==/z/VkkAAeSwplVogTYA/$_1.PNG?set_id=8800005007,1990-91 Fleer,1,1.50,Auction,1.25,0,123,,None,,New Jersey Nets,,https://www.ebay.com/itm/1990-91-Fleer-NBA-Basketball-Card-123-Purvis-Short-Nets-/236223315889,1990-91 Fleer #123 Purvis Short,Purvis Short,1990-91 Fleer NBA Basketball Card #123 Purvis Short Nets,2025-08-18T03:45:00.000Z,Basketball,236223315889,Base Set,0
2025-08-17 20:45:00 PDT,2025-08-08T03:45:00.000Z,https://i.ebayimg.com/00/s/NTAwWDUwMA==/z/fpcAAeSw~f5ogTRJ/$_1.PNG?set_id=8800005007,1990-91 Fleer,1,1.50,Auction,1.25,0,128,,None,,New York Knicks,,https://www.ebay.com/itm/1990-91-Fleer-NBA-Basketball-Card-128-Charles-Oakley-Knicks-/236223315890,1990-91 Fleer #128 Charles Oakley,Charles Oakley,1990-91 Fleer NBA Basketball Card #128 Charles Oakley Knicks,2025-08-18T03:45:00.000Z,Basketball,236223315890,Base Set,0
2025-08-17 20:45:00 PDT,2025-08-08T03:45:00.000Z,https://i.ebayimg.com/00/s/NTAwWDUwMA==/z/gVAAAeSwXW9ogTT8/$_1.PNG?set_id=8800005007,1990-91 Fleer,1,1.50,Auction,1.25,0,173,,None,,San Antonio Spurs,,https://www.ebay.com/itm/1990-91-Fleer-NBA-Basketball-Traded-Card-173-Rod-Strickland-Spurs-/236223315891,1990-91 Fleer #173 Rod Strickland,Rod Strickland,1990-91 Fleer NBA Basketball Traded Card #173 Rod Strickland Spurs,2025-08-18T03:45:00.000Z,Basketball,236223315891,"Base Set, Traded Card (TR)",0
2025-08-17 20:45:00 PDT,2025-08-08T03:45:00.000Z,https://i.ebayimg.com/00/s/NTAwWDUwMA==/z/Vy0AAeSw9nlogTWI/$_1.PNG?set_id=8800005007,1990-91 Fleer,1,1.50,Auction,1.25,0,132,,None,,Orlando Magic,,https://www.ebay.com/itm/1990-91-Fleer-NBA-Basketball-Rookie-Card-132-Nick-Anderson-RC-Magic-/236223315892,1990-91 Fleer #132 Nick Anderson RC,Nick Anderson,1990-91 Fleer NBA Basketball Rookie Card #132 Nick Anderson RC Magic,2025-08-18T03:45:00.000Z,Basketball,236223315892,"Base Set, Rookie Card (RC)",0
2025-08-17 20:45:00 PDT,2025-08-08T03:45:00.000Z,https://i.ebayimg.com/00/s/NTAwWDUwMA==/z/fQEAAeSwWOJogTWH/$_1.PNG?set_id=8800005007,1990-91 Fleer,1,1.50,Auction,1.25,0,174,,None,,San Antonio Spurs,,https://www.ebay.com/itm/1990-91-Fleer-NBA-Basketball-Card-174-David-Wingate-Spurs-/236223315893,1990-91 Fleer #174 David Wingate,David Wingate,1990-91 Fleer NBA Basketball Card #174 David Wingate Spurs,2025-08-18T03:45:00.000Z,Basketball,236223315893,Base Set,0
2025-08-17 20:45:00 PDT,2025-08-08T03:45:00.000Z,https://i.ebayimg.com/00/s/NTAwWDUwMA==/z/doUAAeSwIN5ogTRH/$_1.PNG?set_id=8800005007,1990-91 Fleer,1,1.50,Auction,1.25,0,159,,None,,Portland Trail Blazers,,https://www.ebay.com/itm/1990-91-Fleer-NBA-Basketball-Rookie-Card-159-Cliff-Robinson-RC-Blazers-/236223315894,1990-91 Fleer #159 Cliff Robinson RC,Cliff Robinson,1990-91 Fleer NBA Basketball Rookie Card #159 Cliff Robinson RC Blazers,2025-08-18T03:45:00.000Z,Basketball,236223315894,"Base Set, Rookie Card (RC)",0
2025-08-17 20:45:00 PDT,2025-08-08T03:45:00.000Z,https://i.ebayimg.com/00/s/NTAwWDUwMA==/z/gUEAAeSwXW9ogTT5/$_1.PNG?set_id=8800005007,1990-91 Fleer,1,1.50,Auction,1.25,0,144,,None,,Philadelphia 76ers,,https://www.ebay.com/itm/1990-91-Fleer-NBA-Basketball-Card-144-Rick-Mahorn-76ers-/236223315895,1990-91 Fleer #144 Rick Mahorn,Rick Mahorn,1990-91 Fleer NBA Basketball Card #144 Rick Mahorn 76ers,2025-08-18T03:45:00.000Z,Basketball,236223315895,Base Set,0
2025-08-17 20:45:00 PDT,2025-08-08T03:45:00.000Z,https://i.ebayimg.com/00/s/NTAwWDUwMA==/z/ha0AAeSwhFRogTW8/$_1.PNG?set_id=8800005007,1990-91 Fleer,1,1.50,Auction,1.25,0,119,,None,,New Jersey Nets,,https://www.ebay.com/itm/1990-91-Fleer-NBA-Basketball-Card-119-Lester-Conner-Nets-/236223315896,1990-91 Fleer #119 Lester Conner,Lester Conner,1990-91 Fleer NBA Basketball Card #119 Lester Conner Nets,2025-08-18T03:45:00.000Z,Basketball,236223315896,Base Set,0
2025-08-17 20:45:00 PDT,2025-08-08T03:45:00.000Z,https://i.ebayimg.com/00/s/NTAwWDUwMA==/z/mNIAAeSwx~dogTWI/$_1.PNG?set_id=8800005007,1990-91 Fleer,1,1.50,Auction,1.25,0,157,,None,,Portland Trail Blazers,,https://www.ebay.com/itm/1990-91-Fleer-NBA-Basketball-Card-157-Jerome-Kersey-Blazers-/236223315898,1990-91 Fleer #157 Jerome Kersey,Jerome Kersey,1990-91 Fleer NBA Basketball Card #157 Jerome Kersey Blazers,2025-08-18T03:45:00.000Z,Basketball,236223315898,Base Set,0
2025-08-17 20:45:00 PDT,2025-08-08T03:45:00.000Z,https://i.ebayimg.com/00/s/NTAwWDUwMA==/z/aqYAAeSwlnhogTT1/$_1.PNG?set_id=8800005007,1990-91 Fleer,1,1.50,Auction,1.25,0,152,,None,,Phoenix Suns,,https://www.ebay.com/itm/1990-91-Fleer-NBA-Basketball-Card-152-Kurt-Rambis-Suns-/236223315899,1990-91 Fleer #152 Kurt Rambis,Kurt Rambis,1990-91 Fleer NBA Basketball Card #152 Kurt Rambis Suns,2025-08-18T03:45:00.000Z,Basketball,236223315899,Base Set,0
2025-08-17 20:45:00 PDT,2025-08-08T03:45:00.000Z,https://i.ebayimg.com/00/s/NTAwWDUwMA==/z/oJgAAeSwByNogTXJ/$_1.PNG?set_id=8800005007,1990-91 Fleer,1,1.50,Auction,1.25,0,131,,None,,New York Knicks,,https://www.ebay.com/itm/1990-91-Fleer-NBA-Basketball-Card-131-Gerald-Wilkins-Knicks-/236223315900,1990-91 Fleer #131 Gerald Wilkins,Gerald Wilkins,1990-91 Fleer NBA Basketball Card #131 Gerald Wilkins Knicks,2025-08-18T03:45:00.000Z,Basketball,236223315900,Base Set,0
2025-08-17 20:45:00 PDT,2025-08-08T03:45:00.000Z,https://i.ebayimg.com/00/s/NTAwWDUwMA==/z/c5EAAeSwJ65ogTRH/$_1.PNG?set_id=8800005007,1990-91 Fleer,1,1.50,Auction,1.25,0,130,,None,,New York Knicks,,https://www.ebay.com/itm/1990-91-Fleer-NBA-Basketball-Card-130-Kenny-Walker-Knicks-/236223315901,1990-91 Fleer #130 Kenny Walker,Kenny Walker,1990-91 Fleer NBA Basketball Card #130 Kenny Walker Knicks,2025-08-18T03:45:00.000Z,Basketball,236223315901,Base Set,0
2025-08-17 20:45:00 PDT,2025-08-08T03:45:00.000Z,https://i.ebayimg.com/00/s/NTAwWDUwMA==/z/U~cAAeSwplVogTWI/$_1.PNG?set_id=8800005007,1990-91 Fleer,1,1.50,Auction,1.25,0,97,,None,,Los Angeles Lakers,,https://www.ebay.com/itm/1990-91-Fleer-NBA-Basketball-Hall-Fame-Card-97-James-Worthy-HOF-Lakers-/236223315902,1990-91 Fleer #97 James Worthy,James Worthy,1990-91 Fleer NBA Basketball Hall Of Fame Card #97 James Worthy HOF Lakers,2025-08-18T03:45:00.000Z,Basketball,236223315902,Base Set,0
2025-08-17 20:45:00 PDT,2025-08-08T03:45:00.000Z,https://i.ebayimg.com/00/s/NTAwWDUwMA==/z/7n4AAeSwyGVogTQK/$_1.PNG?set_id=8800005007,1990-91 Fleer,1,1.50,Auction,1.25,0,162,,None,,Sacramento Kings,,https://www.ebay.com/itm/1990-91-Fleer-NBA-Basketball-Card-162-Danny-Ainge-Kings-/236223315903,1990-91 Fleer #162 Danny Ainge,Danny Ainge,1990-91 Fleer NBA Basketball Card #162 Danny Ainge Kings,2025-08-18T03:45:00.000Z,Basketball,236223315903,Base Set,0
2025-08-17 20:45:00 PDT,2025-08-08T03:45:00.000Z,https://i.ebayimg.com/00/s/NTAwWDUwMA==/z/gBcAAeSwLOZogTQL/$_1.PNG?set_id=8800005007,1990-91 Fleer,1,1.50,Auction,1.25,0,175,,None,,Seattle SuperSonics,,https://www.ebay.com/itm/1990-91-Fleer-NBA-Basketball-Rookie-Card-175-Dana-Barros-RC-SuperSonics-/236223315904,1990-91 Fleer #175 Dana Barros RC,Dana Barros,1990-91 Fleer NBA Basketball Rookie Card #175 Dana Barros RC SuperSonics,2025-08-18T03:45:00.000Z,Basketball,236223315904,"Base Set, Rookie Card (RC)",0
2025-08-17 20:45:00 PDT,2025-08-08T03:45:00.000Z,https://i.ebayimg.com/00/s/NTAwWDUwMA==/z/jsIAAeSw9zlogTRF/$_1.PNG?set_id=8800005007,1990-91 Fleer,1,1.50,Auction,1.25,0,179,,None,,Seattle SuperSonics,,https://www.ebay.com/itm/1990-91-Fleer-NBA-Basketball-Card-179-Xavier-McDaniel-SuperSonics-/236223315905,1990-91 Fleer #179 Xavier McDaniel,Xavier McDaniel,1990-91 Fleer NBA Basketball Card #179 Xavier McDaniel SuperSonics,2025-08-18T03:45:00.000Z,Basketball,236223315905,Base Set,0
2025-08-17 20:45:00 PDT,2025-08-08T03:45:00.000Z,https://i.ebayimg.com/00/s/NTAwWDUwMA==/z/WAoAAeSwh9JogTWJ/$_1.PNG?set_id=8800005007,1990-91 Fleer,1,1.50,Auction,1.25,0,178,,None,,Seattle SuperSonics,,https://www.ebay.com/itm/1990-91-Fleer-NBA-Basketball-Rookie-Card-178-Shawn-Kemp-RC-SuperSonics-/236223315906,1990-91 Fleer #178 Shawn Kemp RC,Shawn Kemp,1990-91 Fleer NBA Basketball Rookie Card #178 Shawn Kemp RC SuperSonics,2025-08-18T03:45:00.000Z,Basketball,236223315906,"Base Set, Rookie Card (RC)",0
2025-08-17 20:45:00 PDT,2025-08-08T03:45:00.000Z,https://i.ebayimg.com/00/s/NTAwWDUwMA==/z/uJsAAeSwW45ogTWO/$_1.PNG?set_id=8800005007,1990-91 Fleer,1,1.50,Auction,1.25,0,164,,None,,Washington Bullets,,https://www.ebay.com/itm/1990-91-Fleer-NBA-Basketball-Traded-Rookie-Card-164-Pervis-Ellison-RC-Bullets-/236223315907,1990-91 Fleer #164 Pervis Ellison RC,Pervis Ellison,1990-91 Fleer NBA Basketball Traded Rookie Card #164 Pervis Ellison RC Bullets,2025-08-18T03:45:00.000Z,Basketball,236223315907,"Base Set, Rookie Card (RC), Traded Card (TR)",0
2025-08-17 20:45:00 PDT,2025-08-08T03:45:00.000Z,https://i.ebayimg.com/00/s/NTAwWDUwMA==/z/WDkAAeSwnyBogTVO/$_1.PNG?set_id=8800005007,1990-91 Fleer,1,1.50,Auction,1.25,0,177,,None,,Seattle SuperSonics,,https://www.ebay.com/itm/1990-91-Fleer-NBA-Basketball-Card-177-Dale-Ellis-SuperSonics-/236223315908,1990-91 Fleer #177 Dale Ellis,Dale Ellis,1990-91 Fleer NBA Basketball Card #177 Dale Ellis SuperSonics,2025-08-18T03:45:00.000Z,Basketball,236223315908,Base Set,0
2025-08-17 20:45:00 PDT,2025-08-08T03:45:00.000Z,https://i.ebayimg.com/00/s/NTAwWDUwMA==/z/nmcAAeSw6Q1ogTUU/$_1.PNG?set_id=8800005007,1990-91 Fleer,1,1.50,Auction,1.25,0,167,,None,,Sacramento Kings,,https://www.ebay.com/itm/1990-91-Fleer-NBA-Basketball-Card-167-Wayman-Tisdale-Kings-/236223315909,1990-91 Fleer #167 Wayman Tisdale,Wayman Tisdale,1990-91 Fleer NBA Basketball Card #167 Wayman Tisdale Kings,2025-08-18T03:45:00.000Z,Basketball,236223315909,Base Set,0
2025-08-17 20:45:00 PDT,2025-08-08T03:45:00.000Z,https://i.ebayimg.com/00/s/NTAwWDUwMA==/z/l~AAAeSw31hogTVO/$_1.PNG?set_id=8800005007,1990-91 Fleer,1,1.50,Auction,1.25,0,166,,None,,Sacramento Kings,,https://www.ebay.com/itm/1990-91-Fleer-NBA-Basketball-Card-166-Harold-Pressley-Kings-/236223315910,1990-91 Fleer #166 Harold Pressley,Harold Pressley,1990-91 Fleer NBA Basketball Card #166 Harold Pressley Kings,2025-08-18T03:45:00.000Z,Basketball,236223315910,Base Set,0
2025-08-17 20:45:00 PDT,2025-08-08T03:45:00.000Z,https://i.ebayimg.com/00/s/NTAwWDUwMA==/z/lbsAAeSwysZogTT5/$_1.PNG?set_id=8800005007,1990-91 Fleer,1,1.50,Auction,1.25,0,172,,None,,San Antonio Spurs,,https://www.ebay.com/itm/1990-91-Fleer-NBA-Basketball-Hall-Fame-Card-172-David-Robinson-HOF-Spurs-/236223315911,1990-91 Fleer #172 David Robinson,David Robinson,1990-91 Fleer NBA Basketball Hall Of Fame Card #172 David Robinson HOF Spurs,2025-08-18T03:45:00.000Z,Basketball,236223315911,Base Set,0
2025-08-17 20:45:00 PDT,2025-08-08T03:45:00.000Z,https://i.ebayimg.com/00/s/NTAwWDUwMA==/z/gikAAeSwedZogTVQ/$_1.PNG?set_id=8800005007,1990-91 Fleer,1,1.50,Auction,1.25,0,185,,None,,Utah Jazz,,https://www.ebay.com/itm/1990-91-Fleer-NBA-Basketball-Rookie-Card-185-Theodore-Edwards-RC-Jazz-/236223315912,1990-91 Fleer #185 Theodore Edwards RC,Theodore Edwards,1990-91 Fleer NBA Basketball Rookie Card #185 Theodore Edwards RC Jazz,2025-08-18T03:45:00.000Z,Basketball,236223315912,"Base Set, Rookie Card (RC)",0
2025-08-17 20:45:00 PDT,2025-08-08T03:45:00.000Z,https://i.ebayimg.com/00/s/NTAwWDUwMA==/z/3W8AAeSwgytogTQJ/$_1.PNG?set_id=8800005007,1990-91 Fleer,1,1.50,Auction,1.25,0,176,,None,,Seattle SuperSonics,,https://www.ebay.com/itm/1990-91-Fleer-NBA-Basketball-Error-Card-176-Michael-Cage-UER-SuperSonics-/236223315913,1990-91 Fleer #176 Michael Cage UER,Michael Cage,1990-91 Fleer NBA Basketball Error Card #176 Michael Cage UER SuperSonics,2025-08-18T03:45:00.000Z,Basketball,236223315913,"Base Set, Uncorrected Error (UER)",0
2025-08-17 20:45:00 PDT,2025-08-08T03:45:00.000Z,https://i.ebayimg.com/00/s/NTAwWDUwMA==/z/ZZ8AAeSwKUNogTQK/$_1.PNG?set_id=8800005007,1990-91 Fleer,1,1.50,Auction,1.25,0,189,,None,,Utah Jazz,,https://www.ebay.com/itm/1990-91-Fleer-NBA-Basketball-Hall-Fame-Card-189-John-Stockton-HOF-Jazz-/236223315914,1990-91 Fleer #189 John Stockton,John Stockton,1990-91 Fleer NBA Basketball Hall Of Fame Card #189 John Stockton HOF Jazz,2025-08-18T03:45:00.000Z,Basketball,236223315914,Base Set,0
2025-08-17 20:45:00 PDT,2025-08-08T03:45:00.000Z,https://i.ebayimg.com/00/s/NTAwWDUwMA==/z/hEoAAeSwtpBogTT2/$_1.PNG?set_id=8800005007,1990-91 Fleer,1,1.50,Auction,1.25,0,191,,None,,Washington Bullets,,https://www.ebay.com/itm/1990-91-Fleer-NBA-Basketball-Card-191-Ledell-Eackles-Bullets-/236223315915,1990-91 Fleer #191 Ledell Eackles,Ledell Eackles,1990-91 Fleer NBA Basketball Card #191 Ledell Eackles Bullets,2025-08-18T03:45:00.000Z,Basketball,236223315915,Base Set,0
2025-08-17 20:45:00 PDT,2025-08-08T03:45:00.000Z,https://i.ebayimg.com/00/s/NTAwWDUwMA==/z/ZfkAAeSwlnhogTRH/$_1.PNG?set_id=8800005007,1990-91 Fleer,1,1.50,Auction,1.25,0,186,,None,,Sacramento Kings,,https://www.ebay.com/itm/1990-91-Fleer-NBA-Basketball-Traded-Card-186-Robert-Hansen-Kings-/236223315916,1990-91 Fleer #186 Robert Hansen,Robert Hansen,1990-91 Fleer NBA Basketball Traded Card #186 Robert Hansen Kings,2025-08-18T03:45:00.000Z,Basketball,236223315916,"Base Set, Traded Card (TR)",0
2025-08-17 20:45:00 PDT,2025-08-08T03:45:00.000Z,https://i.ebayimg.com/00/s/NTAwWDUwMA==/z/aCMAAeSwA69ogTRE/$_1.PNG?set_id=8800005007,1990-91 Fleer,1,1.50,Auction,1.25,0,193,,None,,Washington Bullets,,https://www.ebay.com/itm/1990-91-Fleer-NBA-Basketball-Rookie-Card-193-Tom-Hammonds-RC-Bullets-/236223315917,1990-91 Fleer #193 Tom Hammonds RC,Tom Hammonds,1990-91 Fleer NBA Basketball Rookie Card #193 Tom Hammonds RC Bullets,2025-08-18T03:45:00.000Z,Basketball,236223315917,"Base Set, Rookie Card (RC)",0
2025-08-17 20:45:00 PDT,2025-08-08T03:45:00.000Z,https://i.ebayimg.com/00/s/NTAwWDUwMA==/z/2ZsAAeSwQJtogTRD/$_1.PNG?set_id=8800005007,1990-91 Fleer,1,1.50,Auction,1.25,0,180,,None,,Seattle SuperSonics,,https://www.ebay.com/itm/1990-91-Fleer-NBA-Basketball-Card-180-Derrick-McKey-SuperSonics-/236223315918,1990-91 Fleer #180 Derrick McKey,Derrick McKey,1990-91 Fleer NBA Basketball Card #180 Derrick McKey SuperSonics,2025-08-18T03:45:00.000Z,Basketball,236223315918,Base Set,0
2025-08-17 20:45:00 PDT,2025-08-08T03:45:00.000Z,https://i.ebayimg.com/00/s/NTAwWDUwMA==/z/hxIAAeSwTydogTXI/$_1.PNG?set_id=8800005007,1990-91 Fleer,1,1.50,Auction,1.25,0,188,,None,,Utah Jazz,,https://www.ebay.com/itm/1990-91-Fleer-NBA-Basketball-Hall-Fame-Card-188-Karl-Malone-HOF-Jazz-/236223315919,1990-91 Fleer #188 Karl Malone,Karl Malone,1990-91 Fleer NBA Basketball Hall Of Fame Card #188 Karl Malone HOF Jazz,2025-08-18T03:45:00.000Z,Basketball,236223315919,Base Set,0
2025-08-17 20:45:00 PDT,2025-08-08T03:45:00.000Z,https://i.ebayimg.com/00/s/NTAwWDUwMA==/z/hHwAAeSwazlogTXE/$_1.PNG?set_id=8800005007,1990-91 Fleer,1,1.50,Auction,1.25,0,181,,None,,Seattle SuperSonics,,https://www.ebay.com/itm/1990-91-Fleer-NBA-Basketball-Card-181-Nate-McMillan-SuperSonics-/236223315920,1990-91 Fleer #181 Nate McMillan,Nate McMillan,1990-91 Fleer NBA Basketball Card #181 Nate McMillan SuperSonics,2025-08-18T03:45:00.000Z,Basketball,236223315920,Base Set,0
2025-08-17 20:45:00 PDT,2025-08-08T03:45:00.000Z,https://i.ebayimg.com/00/s/NTAwWDUwMA==/z/VzoAAeSw9nlogTWL/$_1.PNG?set_id=8800005007,1990-91 Fleer,1,1.50,Auction,1.25,0,182,,None,,Utah Jazz,,https://www.ebay.com/itm/1990-91-Fleer-NBA-Basketball-Card-182-Thurl-Bailey-Jazz-/236223315921,1990-91 Fleer #182 Thurl Bailey,Thurl Bailey,1990-91 Fleer NBA Basketball Card #182 Thurl Bailey Jazz,2025-08-18T03:45:00.000Z,Basketball,236223315921,Base Set,0
2025-08-17 20:45:00 PDT,2025-08-08T03:45:00.000Z,https://i.ebayimg.com/00/s/NTAwWDUwMA==/z/gHMAAeSwCEhogTT2/$_1.PNG?set_id=8800005007,1990-91 Fleer,1,1.50,Auction,1.25,0,196,,None,,Washington Bullets,,https://www.ebay.com/itm/1990-91-Fleer-NBA-Basketball-League-Leader-Card-196-Darrell-Walker-Bullets-/236223315923,1990-91 Fleer #196 Darrell Walker,Darrell Walker,1990-91 Fleer NBA Basketball League Leader Card #196 Darrell Walker Bullets,2025-08-18T03:45:00.000Z,Basketball,236223315923,"Base Set, League Leaders (LL)",0
2025-08-17 20:45:00 PDT,2025-08-08T03:45:00.000Z,https://i.ebayimg.com/00/s/NTAwWDUwMA==/z/lWkAAeSwIQFogTWI/$_1.PNG?set_id=8800005007,1990-91 Fleer,1,1.50,Auction,1.25,0,184,,None,,Utah Jazz,,https://www.ebay.com/itm/1990-91-Fleer-NBA-Basketball-Card-184-Mark-Eaton-Jazz-/236223315924,1990-91 Fleer #184 Mark Eaton,Mark Eaton,1990-91 Fleer NBA Basketball Card #184 Mark Eaton Jazz,2025-08-18T03:45:00.000Z,Basketball,236223315924,Base Set,0
2025-08-17 20:45:00 PDT,2025-08-08T03:45:00.000Z,https://i.ebayimg.com/00/s/NTAwWDUwMA==/z/XZAAAeSw0ntogTXJ/$_1.PNG?set_id=8800005007,1990-91 Fleer,1,1.50,Auction,1.25,0,183,,None,,Utah Jazz,,https://www.ebay.com/itm/1990-91-Fleer-NBA-Basketball-Card-183-Mike-Brown-Jazz-/236223315925,1990-91 Fleer #183 Mike Brown,Mike Brown,1990-91 Fleer NBA Basketball Card #183 Mike Brown Jazz,2025-08-18T03:45:00.000Z,Basketball,236223315925,Base Set,0
2025-08-17 20:45:00 PDT,2025-08-08T03:45:00.000Z,https://i.ebayimg.com/00/s/NTAwWDUwMA==/z/xQYAAeSw4mxogTRD/$_1.PNG?set_id=8800005007,1990-91 Fleer,1,1.50,Auction,1.25,0,187,,None,,Sacramento Kings,,https://www.ebay.com/itm/1990-91-Fleer-NBA-Basketball-Traded-Card-187-Eric-Leckner-Kings-/236223315926,1990-91 Fleer #187 Eric Leckner,Eric Leckner,1990-91 Fleer NBA Basketball Traded Card #187 Eric Leckner Kings,2025-08-18T03:45:00.000Z,Basketball,236223315926,"Base Set, Traded Card (TR)",0
2025-08-17 20:45:00 PDT,2025-08-08T03:45:00.000Z,https://i.ebayimg.com/00/s/NTAwWDUwMA==/z/eiQAAeSwal1ogTVS/$_1.PNG?set_id=8800005007,1990-91 Fleer,1,1.50,Auction,1.25,0,192,,None,,Washington Bullets,,https://www.ebay.com/itm/1990-91-Fleer-NBA-Basketball-Card-192-Harvey-Grant-Bullets-/236223315927,1990-91 Fleer #192 Harvey Grant,Harvey Grant,1990-91 Fleer NBA Basketball Card #192 Harvey Grant Bullets,2025-08-18T03:45:00.000Z,Basketball,236223315927,Base Set,0
2025-08-17 20:45:00 PDT,2025-08-08T03:45:00.000Z,https://i.ebayimg.com/00/s/NTAwWDUwMA==/z/VlwAAeSwvBpogTQI/$_1.PNG?set_id=8800005007,1990-91 Fleer,1,1.50,Auction,1.25,0,190,,None,,Washington Bullets,,https://www.ebay.com/itm/1990-91-Fleer-NBA-Basketball-Card-190-Mark-Alarie-Bullets-/236223315928,1990-91 Fleer #190 Mark Alarie,Mark Alarie,1990-91 Fleer NBA Basketball Card #190 Mark Alarie Bullets,2025-08-18T03:45:00.000Z,Basketball,236223315928,Base Set,0
2025-08-17 20:45:00 PDT,2025-08-08T03:45:00.000Z,https://i.ebayimg.com/00/s/NTAwWDUwMA==/z/gJcAAeSwN8ZogTT5/$_1.PNG?set_id=8800005007,1990-91 Fleer,1,1.50,Auction,1.25,0,194,,None,,Washington Bullets,,https://www.ebay.com/itm/1990-91-Fleer-NBA-Basketball-Hall-Fame-Card-194-Bernard-King-HOF-Bullets-/236223315929,1990-91 Fleer #194 Bernard King,Bernard King,1990-91 Fleer NBA Basketball Hall Of Fame Card #194 Bernard King HOF Bullets,2025-08-18T03:45:00.000Z,Basketball,236223315929,Base Set,0
2025-08-17 20:45:00 PDT,2025-08-08T03:45:00.000Z,https://i.ebayimg.com/00/s/NTAwWDUwMA==/z/a1cAAeSwQttogTRE/$_1.PNG?set_id=8800005007,1990-91 Fleer,1,1.50,Auction,1.25,0,195,,None,,Utah Jazz,,https://www.ebay.com/itm/1990-91-Fleer-NBA-Basketball-Traded-Card-195-Jeff-Malone-Jazz-/236223315930,1990-91 Fleer #195 Jeff Malone,Jeff Malone,1990-91 Fleer NBA Basketball Traded Card #195 Jeff Malone Jazz,2025-08-18T03:45:00.000Z,Basketball,236223315930,"Base Set, Traded Card (TR)",0
2025-08-17 20:45:00 PDT,2025-08-08T03:45:00.000Z,https://i.ebayimg.com/00/s/ODg0WDYzMQ==/z/-10AAOSwp9hoN4i3/$_57.PNG?set_id=880000500F,1990-91 Fleer,1,1.50,Auction,1.25,0,7,https://i.ebayimg.com/00/s/OTkyWDE2MDA=/z/HwYAAOSwNZ5oN4ip/$_57.JPG?set_id=880000500F,None,,Orlando Magic,Rookie (R),https://www.ebay.com/itm/1990-91-Fleer-NBA-Basketball-Rookie-Sensation-Card-7-10-Nick-Anderson-Magic-/236224338445,1990-91 Fleer Rookie Sensations #7 Nick Anderson,Nick Anderson,1990-91 Fleer NBA Basketball Rookie Sensation Card #7 of 10 Nick Anderson Magic,2025-08-18T03:45:00.000Z,Basketball,236224338445,Base Set,0
2025-08-17 20:45:00 PDT,2025-08-08T03:45:00.000Z,https://i.ebayimg.com/00/s/ODc4WDYzNQ==/z/MdIAAOSwNlxoN3ao/$_57.PNG?set_id=880000500F,1990-91 Fleer Rookie Sensations,1,1.50,Auction,1.25,0,3,https://i.ebayimg.com/00/s/OTkyWDE2MDA=/z/pX8AAOSwI25oN3ad/$_57.JPG?set_id=880000500F,None,,Miami Heat,Rookie (R),https://www.ebay.com/itm/1990-91-Fleer-NBA-Basketball-Rookie-Sensation-Card-3-10-Glen-Rice-Heat-/236224338448,1990-91 Fleer Rookie Sensations #3 Glen Rice,Glen Rice,1990-91 Fleer NBA Basketball Rookie Sensation Card #3 of 10 Glen Rice Heat,2025-08-18T03:45:00.000Z,Basketball,236224338448,Base Set,0
2025-08-17 20:45:00 PDT,2025-08-08T03:45:00.000Z,https://i.ebayimg.com/00/s/ODY4WDYyOQ==/z/v-YAAOSwGd1oN3gd/$_57.PNG?set_id=880000500F,1990-91 Fleer,1,1.50,Auction,1.25,0,4,https://i.ebayimg.com/00/s/OTkyWDE2MDA=/z/MmwAAOSwHc1oN3gK/$_57.JPG?set_id=880000500F,None,,Charlotte Hornets,Rookie (R),https://www.ebay.com/itm/1990-91-Fleer-NBA-Basketball-Rookie-Sensation-Card-4-10-J-R-Reid-Hornets-/236224338450,1990-91 Fleer Rookie Sensations #4 J.R. Reid,J.R. Reid,1990-91 Fleer NBA Basketball Rookie Sensation Card #4 of 10 J.R. Reid Hornets,2025-08-18T03:45:00.000Z,Basketball,236224338450,Base Set,0
2025-08-17 20:45:00 PDT,2025-08-08T03:45:00.000Z,https://i.ebayimg.com/00/s/ODczWDY0Nw==/z/4I4AAOSwtLVoN3Vt/$_57.PNG?set_id=880000500F,1990-91 Fleer Rookie Sensations,1,1.50,Auction,1.25,0,2,https://i.ebayimg.com/00/s/OTkyWDE2MDA=/z/wegAAOSwaTJoN3Un/$_57.JPG?set_id=880000500F,None,,San Antonio Spurs,Rookie (R),https://www.ebay.com/itm/1990-91-Fleer-NBA-Basketball-Rookie-Sensation-Card-2-10-Sean-Elliot-Spurs-/236224338453,1990-91 Fleer Rookie Sensations #2 Sean Elliot,Sean Elliott,1990-91 Fleer NBA Basketball Rookie Sensation Card #2 of 10 Sean Elliot Spurs,2025-08-18T03:45:00.000Z,Basketball,236224338453,Base Set,0
2025-08-18 20:45:01 PDT,2025-08-09T03:45:01.000Z,https://i.ebayimg.com/00/s/MTA4MFg4MDI=/z/0~cAAeSwKJ1og34Y/$_57.PNG?set_id=880000500F,1987-88 Fleer,1,1.50,Auction,1.25,0,105,https://i.ebayimg.com/00/s/MTA4MFgxNjAw/z/0cQAAeSwzL9og34c/$_57.JPG?set_id=880000500F,None,,Sacramento Kings,,https://www.ebay.com/itm/1987-88-Fleer-NBA-Basketball-Card-105-Reggie-Theus-Kings-/236227022359,1987-88 Fleer #105 Reggie Theus,Reggie Theus,1987-88 Fleer NBA Basketball Card #105 Reggie Theus Kings,2025-08-19T03:45:01.000Z,Basketball,236227022359,Base Set,0
2025-08-18 20:45:01 PDT,2025-08-09T03:45:01.000Z,https://i.ebayimg.com/00/s/MTA3OFg3OTA=/z/wToAAeSweNlog36d/$_57.PNG?set_id=880000500F,1987-88 Fleer,1,1.50,Auction,1.25,0,93,https://i.ebayimg.com/00/s/MTA3OFgxNjAw/z/xVIAAeSwmLFog36V/$_57.JPG?set_id=880000500F,None,,San Antonio Spurs,,https://www.ebay.com/itm/1987-88-Fleer-NBA-Basketball-Card-93-Alvin-Robertson-Spurs-/236227029168,1987-88 Fleer #93 Alvin Robertson,Alvin Robertson,1987-88 Fleer NBA Basketball Card #93 Alvin Robertson Spurs,2025-08-19T03:45:01.000Z,Basketball,236227029168,Base Set,0
2025-08-18 20:45:01 PDT,2025-08-09T03:45:01.000Z,https://i.ebayimg.com/00/s/MTA4MFg3OTA=/z/wLcAAeSwEKhog38u/$_57.PNG?set_id=880000500F,1987-88 Fleer,1,1.50,Auction,1.25,0,92,https://i.ebayimg.com/00/s/MTA4MFgxNjAw/z/3j0AAeSwwz9og38n/$_57.JPG?set_id=880000500F,None,,Atlanta Hawks,,https://www.ebay.com/itm/1987-88-Fleer-NBA-Basketball-Card-92-Doc-Rivers-Hawks-/236227035342,1987-88 Fleer #92 Doc Rivers,Doc Rivers,1987-88 Fleer NBA Basketball Card #92 Doc Rivers Hawks,2025-08-19T03:45:01.000Z,Basketball,236227035342,Base Set,0
2025-08-18 20:45:01 PDT,2025-08-09T03:45:01.000Z,https://i.ebayimg.com/00/s/MTA3N1g3OTM=/z/x8cAAeSwbN5og3~n/$_57.PNG?set_id=880000500F,1987-88 Fleer,1,1.50,Auction,0.99,0,17,https://i.ebayimg.com/00/s/MTA3N1gxNjAw/z/1NEAAeSwenxog3~g/$_57.JPG?set_id=880000500F,None,,New York Knicks,,https://www.ebay.com/itm/1987-88-Fleer-NBA-Basketball-Card-17-Bill-Cartwright-Knicks-/236227042460,1987-88 Fleer #17 Bill Cartwright,Bill Cartwright,1987-88 Fleer NBA Basketball Card #17 Bill Cartwright Knicks,2025-08-19T03:45:01.000Z,Basketball,236227042460,Base Set,0
